Артикул,В наявності?,Запаси
526430-1,0,0
232459,0,0
223067,0,0
513485,0,0
230734,0,0
217796,0,0
219649,0,0
220736,0,0
226189,0,0
223077,0,0
208195,0,0
507829,0,0
223297,0,0
220574,0,0
220573,0,0
234795,0,0
238482,0,0
235866,0,0
235906,0,0
513484,0,0
232817,0,0
232841,0,0
232846,0,0
229421,0,0
233677,0,0
227699,0,0
229411,0,0
526177,0,0
525879,0,0
525913,0,0
525914,0,0
525869,0,0
525918,0,0
525951,0,0
525871,0,0
525850,0,0
525849,0,0
525848,0,0
525858,0,0
525857,0,0
525922,0,0
525926,0,0
525925,0,0
525931,0,0
525953,0,0
525955,0,0
525873,0,0
525890,0,0
525885,0,0
525877,0,0
525893,0,0
525867,0,0
525938,0,0
525936,0,0
525981,0,0
525983,0,0
525990,0,0
525995,0,0
523126,0,0
522406,0,0
522407,0,0
523127,0,0
525808,0,0
525809,0,0
525810,0,0
525817,0,0
525811,0,0
525814,0,0
525813,0,0
525816,0,0
525815,0,0
516686,0,0
516677,0,0
516678,0,0
516683,0,0
525320,0,0
526146,0,0
526145,0,0
526174,0,0
526175,0,0
526152,0,0
526153,0,0
526162,0,0
526161,0,0
526029,0,0
526031,0,0
526021,0,0
526024,0,0
526019,0,0
225685,0,0
224629,0,0
239449,0,0
210521,0,0
217611,0,0
218313,0,0
218421,0,0
514544,0,0
223074,0,0
525917,0,0
233696,0,0
525921,0,0
525929,0,0
525933,0,0
525859,0,0
525875,0,0
525872,0,0
525870,0,0
525860,0,0
525852,0,0
525854,0,0
525853,0,0
525855,0,0
525868,0,0
525982,0,0
525984,0,0
525988,0,0
526105,0,0
526107,0,0
526108,0,0
526339,0,0
526004,0,0
526340,0,0
526099,0,0
521344,0,0
521346,0,0
521349,0,0
526098,0,0
523075,0,0
523076,0,0
521353,0,0
526096,0,0
523077,0,0
523078,0,0
521351,0,0
526097,0,0
521332,0,0
521334,0,0
521337,0,0
526244,0,0
526246,0,0
526243,0,0
526245,0,0
525249,0,0
525248,0,0
525246,0,0
525245,0,0
525247,0,0
525244,0,0
526125,0,0
526128,0,0
526129,0,0
526122,0,0
526120,0,0
526117,0,0
526115,0,0
526113,0,0
526127,0,0
526132,0,0
526124,0,0
526119,0,0
526126,0,0
526130,0,0
526131,0,0
526123,0,0
526121,0,0
526118,0,0
526116,0,0
526114,0,0
526355,0,0
526353,0,0
526351,0,0
526350,0,0
525163,0,0
525164,0,0
523462,0,0
525206,0,0
526149,0,0
521476,0,0
525793,0,0
525111,0,0
525994,0,0
526103,0,0
526102,0,0
526376,0,0
526377,0,0
526110,0,0
526101,0,0
526212,0,0
526207,0,0
526205,0,0
526204,0,0
526203,0,0
526200,0,0
521541,0,0
526180,0,0
526179,0,0
522203,0,0
521304,0,0
523328,0,0
522209,0,0
523165,0,0
523334,0,0
526229,0,0
526224,0,0
526226,0,0
526223,0,0
521398,0,0
526279,0,0
526095,0,0
526087,0,0
526088,0,0
526084,0,0
526085,0,0
526086,0,0
526083,0,0
526016,0,0
526009,0,0
526013,0,0
526006,0,0
526159,0,0
522236,0,0
522231,0,0
522229,0,0
525806,0,0
525807,0,0
526148,0,0
526157,0,0
526171,0,0
526001,0,0
526005,0,0
525985,0,0
521840,0,0
521475,0,0
512880,0,0
526170,0,0
521686,0,0
525789,0,0
525987,0,0
525891,0,0
522228,0,0
524644,0,0
225333,0,0
234164,0,0
525791,0,0
525792,0,0
524666,0,0
524674,0,0
524672,0,0
524671,0,0
524670,0,0
524669,0,0
524668,0,0
524664,0,0
524665,0,0
227697,0,0
524663,0,0
525043,0,0
525040,0,0
525039,0,0
525038,0,0
227692,0,0
227689,0,0
230700,0,0
525028,0,0
525029,0,0
525033,0,0
525030,0,0
525201,0,0
524813,0,0
525200,0,0
525204,0,0
525205,0,0
525199,0,0
525207,0,0
525198,0,0
523121,0,0
523122,0,0
523123,0,0
523120,0,0
523119,0,0
522105,0,0
522975,0,0
523118,0,0
525171,0,0
525169,0,0
525168,0,0
525167,0,0
523148,0,0
523150,0,0
523145,0,0
523143,0,0
523142,0,0
523141,0,0
523158,0,0
523160,0,0
523155,0,0
523153,0,0
523152,0,0
523151,0,0
523591,0,0
523593,0,0
523588,0,0
523586,0,0
523585,0,0
523584,0,0
516035,0,0
514506,0,0
514522,0,0
525149,0,0
525150,0,0
525154,0,0
525155,0,0
524270,0,0
518201,0,0
518203,0,0
518205,0,0
519716,0,0
521607,0,0
524660,0,0
524662,0,0
524657,0,0
524655,0,0
524654,0,0
524653,0,0
524650,0,0
524652,0,0
524647,0,0
518847,0,0
517166,0,0
524643,0,0
525176,0,0
525174,0,0
522973,0,0
522981,0,0
522985,0,0
524274,0,0
522969,0,0
522965,0,0
522951,0,0
522953,0,0
522957,0,0
522961,0,0
524272,0,0
514773,0,0
523326,0,0
523168,0,0
523163,0,0
524107,0,0
524110,0,0
524111,0,0
524112,0,0
519059,0,0
513306,0,0
514647,0,0
525115,0,0
522104,0,0
523356,0,0
525108,0,0
524731,0,0
524732,0,0
524737,0,0
515095,0,0
514771,0,0
514770,0,0
518851,0,0
518530,0,0
518532,0,0
518531,0,0
518849,0,0
518536,0,0
521683,0,0
521681,0,0
521679,0,0
521678,0,0
521696,0,0
517169,0,0
524541,0,0
524540,0,0
524539,0,0
517167,0,0
517171,0,0
519151,0,0
518883,0,0
519150,0,0
519157,0,0
516522,0,0
519114,0,0
519118,0,0
519113,0,0
519134,0,0
519120,0,0
519115,0,0
519099,0,0
519098,0,0
519102,0,0
519097,0,0
519088,0,0
519083,0,0
519082,0,0
519086,0,0
519081,0,0
519104,0,0
523670,0,0
523671,0,0
523525,0,0
523523,0,0
523522,0,0
523521,0,0
523520,0,0
523675,0,0
523673,0,0
523672,0,0
523526,0,0
523528,0,0
523527,0,0
523485,0,0
523484,0,0
523483,0,0
523531,0,0
523529,0,0
523494,0,0
523492,0,0
523491,0,0
523490,0,0
523489,0,0
523488,0,0
523486,0,0
525162,0,0
514486,0,0
524738,0,0
514501,0,0
525157,0,0
525161,0,0
525156,0,0
523331,0,0
523337,0,0
523332,0,0
525187,0,0
525188,0,0
525189,0,0
525196,0,0
525191,0,0
525194,0,0
524860,0,0
524546,0,0
524548,0,0
524543,0,0
524834,0,0
524867,0,0
524869,0,0
524864,0,0
524862,0,0
524861,0,0
524838,0,0
524836,0,0
524835,0,0
524841,0,0
524843,0,0
524823,0,0
524818,0,0
524816,0,0
524815,0,0
524814,0,0
524730,0,0
524725,0,0
524723,0,0
524721,0,0
523386,0,0
523387,0,0
524821,0,0
523385,0,0
523389,0,0
523390,0,0
523391,0,0
523384,0,0
521608,0,0
521617,0,0
523388,0,0
521578,0,0
521580,0,0
521576,0,0
523392,0,0
523393,0,0
523394,0,0
521572,0,0
521574,0,0
523273,0,0
523275,0,0
523277,0,0
523282,0,0
523097,0,0
523098,0,0
523099,0,0
523100,0,0
523101,0,0
523102,0,0
522227,0,0
522234,0,0
521841,0,0
525993,0,0
526158,0,0
521748,0,0
525991,0,0
525986,0,0
512471,0,0
525887,0,0
521467,0,0
521474,0,0
512881,0,0
521473,0,0
521472,0,0
521471,0,0
521470,0,0
521469,0,0
521468,0,0
521457,0,0
521456,0,0
521455,0,0
521752,0,0
521751,0,0
512593,0,0
512594,0,0
521291,0,0
521293,0,0
521292,0,0
511266,0,0
510769,0,0
517537,0,0
515992,0,0
517468,0,0
517467,0,0
517470,0,0
517469,0,0
521730,0,0
523130,0,0
520835,0,0
521547,0,0
523246,0,0
521502,0,0
521503,0,0
521454,0,0
523137,0,0
521461,0,0
523131,0,0
523134,0,0
523136,0,0
523135,0,0
518199,0,0
523128,0,0
523129,0,0
522991,0,0
522987,0,0
522989,0,0
523741,0,0
523742,0,0
523746,0,0
523747,0,0
522952,0,0
522955,0,0
522959,0,0
522963,0,0
522967,0,0
522971,0,0
522977,0,0
522979,0,0
522983,0,0
523727,0,0
523731,0,0
523732,0,0
523733,0,0
523740,0,0
523739,0,0
523734,0,0
523574,0,0
523726,0,0
523575,0,0
523576,0,0
523578,0,0
523581,0,0
523583,0,0
523432,0,0
519670,0,0
519580,0,0
519581,0,0
519576,0,0
519574,0,0
519573,0,0
519572,0,0
520519,0,0
520515,0,0
520513,0,0
520511,0,0
523979,0,0
525882,0,0
521401,0,0
521396,0,0
521307,0,0
521302,0,0
517364,0,0
515050,0,0
513269,0,0
513268,0,0
518886,0,0
513273,0,0
521584,0,0
521588,0,0
521590,0,0
521592,0,0
521612,0,0
521611,0,0
521638,0,0
521631,0,0
521642,0,0
521628,0,0
521633,0,0
521634,0,0
521647,0,0
521654,0,0
521639,0,0
521564,0,0
521570,0,0
521558,0,0
521559,0,0
521560,0,0
521632,0,0
521585,0,0
521587,0,0
521589,0,0
521591,0,0
521614,0,0
521613,0,0
521620,0,0
521593,0,0
521565,0,0
521571,0,0
521573,0,0
521575,0,0
521577,0,0
521579,0,0
521581,0,0
521610,0,0
521609,0,0
521618,0,0
523421,0,0
523419,0,0
523418,0,0
523417,0,0
523416,0,0
523499,0,0
523497,0,0
523496,0,0
523495,0,0
523475,0,0
523537,0,0
523535,0,0
523534,0,0
523533,0,0
523532,0,0
523573,0,0
523571,0,0
523570,0,0
523569,0,0
523568,0,0
523403,0,0
523405,0,0
523400,0,0
523398,0,0
523397,0,0
523396,0,0
523414,0,0
523415,0,0
523410,0,0
523408,0,0
523407,0,0
523406,0,0
523429,0,0
523431,0,0
523426,0,0
523424,0,0
523423,0,0
523422,0,0
523449,0,0
523451,0,0
523446,0,0
523444,0,0
523443,0,0
523442,0,0
523545,0,0
523547,0,0
523542,0,0
523540,0,0
523539,0,0
523538,0,0
523565,0,0
523567,0,0
523562,0,0
523560,0,0
523559,0,0
523558,0,0
523556,0,0
523557,0,0
523552,0,0
523550,0,0
523549,0,0
523548,0,0
523434,0,0
523433,0,0
522201,0,0
522212,0,0
522207,0,0
523439,0,0
523441,0,0
523436,0,0
523657,0,0
522206,0,0
523656,0,0
522204,0,0
523658,0,0
523660,0,0
523666,0,0
523669,0,0
521689,0,0
521690,0,0
523514,0,0
523517,0,0
521693,0,0
524645,0,0
521542,0,0
521688,0,0
523500,0,0
523502,0,0
523501,0,0
523504,0,0
523507,0,0
523509,0,0
523519,0,0
523510,0,0
521698,0,0
521691,0,0
523512,0,0
523511,0,0
523466,0,0
525851,0,0
523464,0,0
523463,0,0
523471,0,0
523469,0,0
523472,0,0
523474,0,0
523473,0,0
523480,0,0
523482,0,0
523477,0,0
521504,0,0
521670,0,0
521669,0,0
521672,0,0
518852,0,0
516629,0,0
516524,0,0
511942,0,0
513441,0,0
525323,0,0
513459,0,0
523667,0,0
521675,0,0
521677,0,0
517323,0,0
516638,0,0
516633,0,0
516630,0,0
513473,0,0
517160,0,0
517157,0,0
518846,0,0
517156,0,0
518876,0,0
513553,0,0
515044,0,0
513468,0,0
517353,0,0
517165,0,0
516918,0,0
517317,0,0
516919,0,0
516927,0,0
516922,0,0
513035,0,0
518868,0,0
513028,0,0
513027,0,0
514199,0,0
514198,0,0
518850,0,0
514197,0,0
517577,0,0
517571,0,0
517569,0,0
517568,0,0
515766,0,0
520627,0,0
515070,0,0
514726,0,0
514725,0,0
514732,0,0
517345,0,0
515038,0,0
513044,0,0
514764,0,0
517367,0,0
515573,0,0
515568,0,0
515567,0,0
518888,0,0
515576,0,0
515072,0,0
514742,0,0
514741,0,0
514748,0,0
518848,0,0
518521,0,0
517351,0,0
516162,0,0
516157,0,0
516156,0,0
518874,0,0
516165,0,0
517320,0,0
515066,0,0
518528,0,0
518529,0,0
518524,0,0
518522,0,0
518871,0,0
515041,0,0
513037,0,0
513036,0,0
517348,0,0
518877,0,0
513053,0,0
513045,0,0
513046,0,0
517360,0,0
515287,0,0
515280,0,0
515279,0,0
518881,0,0
515286,0,0
517354,0,0
515045,0,0
514758,0,0
514757,0,0
519810,0,0
516672,0,0
521288,0,0
521290,0,0
515074,0,0
519413,0,0
523111,0,0
523107,0,0
519414,0,0
523103,0,0
523105,0,0
520764,0,0
520765,0,0
520840,0,0
518435,0,0
518434,0,0
521267,0,0
521285,0,0
521278,0,0
521279,0,0
521280,0,0
521284,0,0
521277,0,0
521283,0,0
517598,0,0
517597,0,0
519844,0,0
517596,0,0
519843,0,0
517594,0,0
518438,0,0
518804,0,0
518441,0,0
518439,0,0
518445,0,0
518446,0,0
517593,0,0
515323,0,0
517591,0,0
518810,0,0
515316,0,0
515317,0,0
515324,0,0
517731,0,0
517633,0,0
517720,0,0
516698,0,0
517184,0,0
518814,0,0
516702,0,0
516699,0,0
516707,0,0
517622,0,0
514023,0,0
514025,0,0
517183,0,0
514019,0,0
516688,0,0
512402,0,0
518813,0,0
516689,0,0
516692,0,0
516697,0,0
515120,0,0
517621,0,0
515333,0,0
518809,0,0
515326,0,0
515327,0,0
515334,0,0
517634,0,0
520787,0,0
515122,0,0
515990,0,0
517610,0,0
518798,0,0
517611,0,0
517618,0,0
517613,0,0
517619,0,0
517648,0,0
517742,0,0
517599,0,0
517732,0,0
517735,0,0
517733,0,0
517740,0,0
517721,0,0
517722,0,0
518793,0,0
517724,0,0
520748,0,0
519423,0,0
519418,0,0
519416,0,0
519415,0,0
520735,0,0
517730,0,0
517729,0,0
521726,0,0
526700,0,0
526698,0,0
526699,0,0
519638,0,0
519639,0,0
519641,0,0
519644,0,0
519645,0,0
526578,0,0
526579,0,0
526580,0,0
526581,0,0
526582,0,0
526584,0,0
526585,0,0
526572,0,0
525222,0,0
525223,0,0
526573,0,0
526574,0,0
526576,0,0
526577,0,0
526623,0,0
526620,0,0
526062,0,0
523964,0,0
523965,0,0
523966,0,0
523968,0,0
523971,0,0
523973,0,0
523994,0,0
526059,0,0
523996,0,0
523998,0,0
524001,0,0
524007,0,0
524011,0,0
526052,0,0
523774,0,0
523775,0,0
523776,0,0
523778,0,0
523782,0,0
523784,0,0
526034,0,0
523850,0,0
523851,0,0
523852,0,0
523854,0,0
523859,0,0
523861,0,0
526037,0,0
523781,0,0
523785,0,0
523786,0,0
523788,0,0
523796,0,0
523798,0,0
526208,0,0
526209,0,0
526210,0,0
526688,0,0
526668,0,0
526667,0,0
526653,0,0
526649,0,0
526660,0,0
526657,0,0
526416,0,0
526428,0,0
526420,0,0
526423,0,0
526421,0,0
526424,0,0
526402,0,0
526415,0,0
526407,0,0
526410,0,0
526408,0,0
526411,0,0
526694,0,0
526672,0,0
526692,0,0
526670,0,0
526687,0,0
526616,0,0
526684,0,0
526683,0,0
526614,0,0
526615,0,0
526665,0,0
526646,0,0
526647,0,0
526648,0,0
527397,0,0
527214,0,0
527400,0,0
527217,0,0
527395,0,0
527212,0,0
527393,0,0
527210,0,0
527390,0,0
527207,0,0
527387,0,0
527204,0,0
527380,0,0
527197,0,0
527383,0,0
527200,0,0
527378,0,0
527195,0,0
527368,0,0
527185,0,0
527372,0,0
527370,0,0
527189,0,0
527187,0,0
527361,0,0
527359,0,0
527178,0,0
527176,0,0
526983,0,0
526982,0,0
526981,0,0
526980,0,0
526803,0,0
526800,0,0
526979,0,0
526978,0,0
526273,0,0
526220,0,0
526219,0,0
526218,0,0
526215,0,0
526214,0,0
526977,0,0
526976,0,0
527357,0,0
527174,0,0
527355,0,0
527172,0,0
527356,0,0
527173,0,0
527353,0,0
527170,0,0
525999,0,0
525998,0,0
527352,0,0
527169,0,0
527351,0,0
527168,0,0
527350,0,0
527167,0,0
527349,0,0
527166,0,0
527348,0,0
527165,0,0
527347,0,0
527164,0,0
527346,0,0
527163,0,0
527162,0,0
527345,0,0
527344,0,0
527161,0,0
527343,0,0
527160,0,0
527342,0,0
527159,0,0
526802,0,0
526799,0,0
527330,0,0
527147,0,0
527329,0,0
527146,0,0
527328,0,0
527145,0,0
527327,0,0
527144,0,0
527326,0,0
527143,0,0
527322,0,0
527139,0,0
527320,0,0
527137,0,0
527318,0,0
527135,0,0
527311,0,0
527128,0,0
527310,0,0
527127,0,0
527309,0,0
527126,0,0
527461,0,0
527460,0,0
526968,0,0
526967,0,0
526966,0,0
526965,0,0
527306,0,0
527123,0,0
527308,0,0
527125,0,0
526801,0,0
526798,0,0
527304,0,0
527121,0,0
527301,0,0
527118,0,0
527297,0,0
527114,0,0
527299,0,0
527116,0,0
527295,0,0
527112,0,0
527292,0,0
527109,0,0
527294,0,0
527111,0,0
527285,0,0
527102,0,0
527288,0,0
527105,0,0
527290,0,0
527107,0,0
526959,0,0
526958,0,0
526961,0,0
526960,0,0
526957,0,0
526956,0,0
527274,0,0
527091,0,0
527273,0,0
527090,0,0
527272,0,0
527089,0,0
527270,0,0
527087,0,0
527271,0,0
527088,0,0
527269,0,0
527086,0,0
527268,0,0
527085,0,0
526955,0,0
526954,0,0
526953,0,0
526952,0,0
526951,0,0
526950,0,0
526947,0,0
526946,0,0
526943,0,0
526942,0,0
526643,0,0
525221,0,0
526644,0,0
526642,0,0
526641,0,0
526640,0,0
526639,0,0
527430,0,0
526636,0,0
526311,0,0
527262,0,0
527079,0,0
527261,0,0
527078,0,0
527259,0,0
527076,0,0
527258,0,0
527075,0,0
527257,0,0
527074,0,0
526349,0,0
526348,0,0
526346,0,0
526345,0,0
526344,0,0
526343,0,0
527256,0,0
527073,0,0
527253,0,0
527070,0,0
527251,0,0
527068,0,0
527239,0,0
527056,0,0
527238,0,0
527055,0,0
526937,0,0
526936,0,0
526935,0,0
526934,0,0
527248,0,0
527065,0,0
527247,0,0
527064,0,0
527246,0,0
527063,0,0
527245,0,0
527062,0,0
527244,0,0
527061,0,0
527060,0,0
527242,0,0
527059,0,0
526706,0,0
526707,0,0
526705,0,0
527237,0,0
527236,0,0
527054,0,0
527053,0,0
527235,0,0
527234,0,0
527052,0,0
527051,0,0
527233,0,0
527232,0,0
527231,0,0
527230,0,0
527050,0,0
527049,0,0
527048,0,0
527047,0,0
527229,0,0
527228,0,0
527227,0,0
527226,0,0
527046,0,0
527045,0,0
527044,0,0
527043,0,0
526929,0,0
526928,0,0
520784,0,0
225469,0,0
525803,0,0
526695,0,0
527243,0,0
526221,0,0
