,Артикул,В наявності?,Запаси,Звичайна ціна,manufacture
131,137262,1,70,510,BLANCO
132,137267,1,3,340,BLANCO
133,207360,1,1,2525,BLANCO
134,211799,1,1,30,BLANCO
135,213567,1,1,180,BLANCO
136,213971,1,1,13095,BLANCO
137,511519,1,2,2740,BLANCO
138,585025,1,1,8515,BLANCO
139,214763,1,1,1365,BLANCO
140,511920,1,10,670,BLANCO
141,214627,1,1,1255,BLANCO
142,137924,1,40,20,BLANCO
143,503082,1,1,1345,BLANCO
144,137984,1,7,770,BLANCO
145,512594,1,5,3490,BLANCO
146,512593,1,3,3030,BLANCO
147,218344,1,4,3460,BLANCO
148,128434,1,2,760,BLANCO
149,213471,1,1,160,BLANCO
150,207662,1,2,950,BLANCO
151,513395,1,1,6130,BLANCO
152,137024,1,2,410,BLANCO
153,513521,1,2,15235,BLANCO
154,217697,1,4,975,BLANCO
155,217492,1,1,1490,BLANCO
156,214691,1,2,225,BLANCO
157,221110,1,13,3850,BLANCO
158,221940,1,1,3215,BLANCO
159,221942,1,1,3250,BLANCO
160,215709,1,1,3075,BLANCO
161,221339,1,1,1850,BLANCO
162,222115,1,4,3620,BLANCO
163,218941,1,11,1165,BLANCO
164,213071,1,5,520,BLANCO
165,515766,1,1,7890,BLANCO
166,515990,1,2,9660,BLANCO
167,221549,1,1,4890,BLANCO
168,221552,1,1,5695,BLANCO
169,515992,1,1,7260,BLANCO
170,222457,1,2,1230,BLANCO
171,515972,1,1,2530,BLANCO
172,516524,1,2,3660,BLANCO
173,214490,1,1,725,BLANCO
174,224044,1,5,450,BLANCO
175,214749,1,13,35,BLANCO
176,224451,1,1,5650,BLANCO
177,225088,1,5,680,BLANCO
178,220145,1,2,2750,BLANCO
179,518205,1,3,9240,BLANCO
180,222404,1,2,320,BLANCO
181,517467,1,2,4370,BLANCO
182,227689,1,2,2940,BLANCO
183,227692,1,1,2820,BLANCO
184,517468,1,1,5380,BLANCO
185,224033,1,2,1155,BLANCO
186,517470,1,3,6810,BLANCO
187,517720,1,2,2650,BLANCO
188,223077,1,1,3700,BLANCO
189,517742,1,3,4290,BLANCO
190,517722,1,1,3910,BLANCO
191,225089,1,1,970,BLANCO
192,519414,1,3,4370,BLANCO
193,230700,1,1,6510,BLANCO
194,226897,1,2,850,BLANCO
195,230734,1,1,2150,BLANCO
196,519059,1,1,8820,BLANCO
197,119293,1,1,840,BLANCO
198,212596,1,3,890,BLANCO
199,197862,1,38,600,BLANCO
200,519670,1,2,8330,BLANCO
201,520840,1,2,9240,BLANCO
202,212332,1,4,530,BLANCO
203,520787,1,1,9920,BLANCO
204,231178,1,3,2290,BLANCO
205,520748,1,2,4960,BLANCO
206,521291,1,1,5510,BLANCO
207,521456,1,1,9240,BLANCO
208,521295,1,1,2960,BLANCO
209,212330,1,1,380,BLANCO
210,520735,1,4,3480,BLANCO
211,518793,1,2,3910,BLANCO
212,218269,1,2,470,BLANCO
213,522234,1,1,17810,BLANCO
214,521841,1,1,18900,BLANCO
215,521726,1,2,3910,BLANCO
216,521730,1,2,9240,BLANCO
217,232459,1,2,1310,BLANCO
218,522965,1,1,16890,BLANCO
219,522963,1,1,13070,BLANCO
220,523128,1,2,10920,BLANCO
221,523134,1,3,12060,BLANCO
222,523979,1,1,17380,BLANCO
223,523432,1,2,13070,BLANCO
224,523433,1,1,13070,BLANCO
225,523436,1,1,13070,BLANCO
226,523130,1,1,12060,BLANCO
227,523136,1,2,12060,BLANCO
228,235906,1,2,4290,BLANCO
229,523246,1,1,6620,BLANCO
230,521300,1,2,590,BLANCO
231,234077,1,1,1400,BLANCO
232,235866,1,1,1810,BLANCO
233,234164,1,1,3700,BLANCO
234,524867,1,1,16640,BLANCO
235,524721,1,2,8570,BLANCO
236,525115,1,1,6350,BLANCO
237,524672,1,1,34070,BLANCO
238,523120,1,3,5630,BLANCO
239,523121,1,1,9330,BLANCO
240,525199,1,1,22390,BLANCO
241,525200,1,1,20420,BLANCO
242,523122,1,7,5840,BLANCO
243,523123,1,4,9540,BLANCO
244,234073,1,1,1585,BLANCO
245,525814,1,3,2570,BLANCO
246,525810,1,1,2570,BLANCO
247,525815,1,1,2570,BLANCO
248,525817,1,1,2570,BLANCO
249,526177,1,2,2570,BLANCO
250,525813,1,2,2570,BLANCO
251,521541,1,6,4500,BLANCO
252,525792,1,6,17730,BLANCO
253,525791,1,3,15920,BLANCO
254,525793,1,3,17730,BLANCO
255,526149,1,1,15710,BLANCO
256,526148,1,2,22430,BLANCO
257,526145,1,3,4960,BLANCO
258,526159,1,2,5760,BLANCO
259,525887,1,5,17810,BLANCO
260,525891,1,1,21550,BLANCO
261,525914,1,1,13570,BLANCO
262,525918,1,1,17010,BLANCO
263,525990,1,1,12230,BLANCO
264,525995,1,3,13070,BLANCO
265,526013,1,1,9960,BLANCO
266,238688,1,5,2520,BLANCO
267,526157,1,9,12060,BLANCO
268,521349,1,1,11760,BLANCO
269,526098,1,8,10340,BLANCO
270,523075,1,1,10340,BLANCO
271,523076,1,2,10340,BLANCO
272,526127,1,2,17560,BLANCO
273,525111,1,1,8870,BLANCO
274,526212,1,1,3950,BLANCO
275,521476,1,1,13910,BLANCO
276,239975,1,1,3110,BLANCO
277,526377,1,1,3320,BLANCO
278,221393,1,8,80,BLANCO
279,526208,1,1,15170,BLANCO
280,526209,1,1,15670,BLANCO
281,526700,1,3,3740,BLANCO
282,526585,1,1,8740,BLANCO
283,519644,1,1,9290,BLANCO
284,519639,1,1,9290,BLANCO
285,526670,1,1,13020,BLANCO
286,526657,1,2,6300,BLANCO
287,526616,1,2,20880,BLANCO
288,526688,1,2,11890,BLANCO
289,527258,1,1,17810,BLANCO
290,527355,1,1,16970,BLANCO
291,527353,1,2,13070,BLANCO
292,527170,1,3,13070,BLANCO
293,527329,1,3,10340,BLANCO
294,527146,1,1,10340,BLANCO
295,526942,1,3,12060,BLANCO
296,526954,1,2,2570,BLANCO
297,526955,1,1,2570,BLANCO
298,203495,1,1,2690,BLANCO
299,203477,1,2,5550,BLANCO
300,527458,1,2,3240,BLANCO
301,526647,1,4,21500,BLANCO
302,526648,1,4,24800,BLANCO
303,526646,1,3,14000,BLANCO
304,526769,1,5,630,BLANCO
305,526772,1,2,1530,BLANCO
