,manufacturer,sku,quantity,price
0,BLANCO,137262,10+,459.0
1,BLANCO,137267,10+,306.0
2,BLANCO,137287,1,909.0
3,BLANCO,207360,1,2272.5
4,BLANCO,211799,1,27.0
5,BLANCO,213567,1,162.0
6,BLANCO,213971,1,11785.5
7,BLANCO,511519,2,2466.0
8,BLANCO,585025,1,7663.5
9,BLANCO,214763,1,1228.5
10,BLANCO,511920,10+,603.0
11,BLANCO,214627,1,1129.5
12,BLANCO,137924,10+,18.0
13,BLANCO,503082,1,1210.5
14,BLANCO,137984,7,693.0
15,BLANCO,512594,1,3141.0
16,BLANCO,512593,4,2727.0
17,BLANCO,218344,4,3114.0
18,BLANCO,513441,2,3636.0
19,BLANCO,128434,2,684.0
20,BLANCO,213471,1,144.0
21,BLANCO,207662,2,855.0
22,BLANCO,513395,1,5517.0
23,BLANCO,137024,2,369.0
24,BLANCO,513521,2,13711.5
25,BLANCO,217697,4,877.5
26,BLANCO,217492,1,1341.0
27,BLANCO,214691,2,202.5
28,BLANCO,221110,10+,3465.0
29,BLANCO,221940,1,2893.5
30,BLANCO,221942,1,2925.0
31,BLANCO,215709,1,2767.5
32,BLANCO,221339,1,1665.0
33,BLANCO,222115,4,3258.0
34,BLANCO,218941,10+,1048.5
35,BLANCO,213071,5,468.0
36,BLANCO,515766,1,7101.0
37,BLANCO,515990,1,8694.0
38,BLANCO,221549,1,4401.0
39,BLANCO,221552,1,5125.5
40,BLANCO,515992,1,6534.0
41,BLANCO,222457,2,1107.0
42,BLANCO,515972,1,2277.0
43,BLANCO,214490,1,652.5
44,BLANCO,224044,5,405.0
45,BLANCO,214749,10+,31.5
46,BLANCO,224451,1,5085.0
47,BLANCO,225088,5,612.0
48,BLANCO,220145,2,2475.0
49,BLANCO,518205,1,8316.0
50,BLANCO,222404,2,288.0
51,BLANCO,517467,2,3933.0
52,BLANCO,227689,3,2646.0
53,BLANCO,227692,1,2538.0
54,BLANCO,224033,2,1039.5
55,BLANCO,517470,3,6129.0
56,BLANCO,517720,1,2385.0
57,BLANCO,223077,1,3330.0
58,BLANCO,517742,3,3861.0
59,BLANCO,517722,1,3519.0
60,BLANCO,225089,1,873.0
61,BLANCO,519414,2,3933.0
62,BLANCO,230700,1,5859.0
63,BLANCO,226897,2,765.0
64,BLANCO,230734,1,1935.0
65,BLANCO,519059,1,7938.0
66,BLANCO,119293,1,756.0
67,BLANCO,212596,3,801.0
68,BLANCO,197862,10+,540.0
69,BLANCO,519670,2,7497.0
70,BLANCO,520840,1,8316.0
71,BLANCO,212332,4,477.0
72,BLANCO,520787,1,8928.0
73,BLANCO,231178,3,2061.0
74,BLANCO,520748,2,4464.0
75,BLANCO,521291,1,4959.0
76,BLANCO,521456,1,8316.0
77,BLANCO,521295,1,2664.0
78,BLANCO,212330,1,342.0
79,BLANCO,520735,4,3132.0
80,BLANCO,518793,2,3519.0
81,BLANCO,218269,2,423.0
82,BLANCO,522234,1,16029.0
83,BLANCO,521726,2,3519.0
84,BLANCO,521730,2,8316.0
85,BLANCO,522965,2,15201.0
86,BLANCO,523128,2,9828.0
87,BLANCO,523134,1,10854.0
88,BLANCO,523979,1,15642.0
89,BLANCO,523432,1,11763.0
90,BLANCO,523436,1,11763.0
91,BLANCO,523441,1,11763.0
92,BLANCO,523130,5,10854.0
93,BLANCO,523137,1,10854.0
94,BLANCO,233696,1,3969.0
95,BLANCO,235906,2,3861.0
96,BLANCO,523246,1,5958.0
97,BLANCO,521300,2,531.0
98,BLANCO,234077,1,1260.0
99,BLANCO,235866,1,1629.0
100,BLANCO,525115,1,5715.0
101,BLANCO,524672,1,30663.0
102,BLANCO,523120,2,5067.0
103,BLANCO,523122,6,5256.0
104,BLANCO,523123,4,8586.0
105,BLANCO,234073,1,1426.5
106,BLANCO,525814,1,2313.0
107,BLANCO,525815,1,2313.0
108,BLANCO,525817,1,2313.0
109,BLANCO,525813,2,2313.0
110,BLANCO,521541,5,4050.0
111,BLANCO,525792,6,15957.0
112,BLANCO,525791,3,14328.0
113,BLANCO,525793,2,15957.0
114,BLANCO,526149,1,14139.0
115,BLANCO,526148,2,20187.0
116,BLANCO,526145,2,4464.0
117,BLANCO,526159,1,5184.0
118,BLANCO,525914,1,12213.0
119,BLANCO,525918,1,15309.0
120,BLANCO,526013,1,8964.0
121,BLANCO,238688,4,2268.0
122,BLANCO,526157,5,10854.0
123,BLANCO,238482,1,3330.0
124,BLANCO,521349,1,10584.0
125,BLANCO,526098,7,9306.0
126,BLANCO,523075,1,9306.0
127,BLANCO,523076,2,9306.0
128,BLANCO,526127,1,15804.0
129,BLANCO,526207,1,7902.0
130,BLANCO,521476,1,12519.0
131,BLANCO,239975,1,2799.0
132,BLANCO,526376,2,4122.0
133,BLANCO,221393,8,72.0
134,BLANCO,526208,1,13653.0
135,BLANCO,526209,1,14103.0
136,BLANCO,526700,3,3366.0
137,BLANCO,526585,1,7866.0
138,BLANCO,519644,1,8361.0
139,BLANCO,526692,1,11718.0
140,BLANCO,526657,1,5670.0
141,BLANCO,526616,2,18792.0
142,BLANCO,526688,2,10701.0
143,BLANCO,527355,1,15273.0
144,BLANCO,527353,1,11763.0
145,BLANCO,527170,3,11763.0
146,BLANCO,527329,3,9306.0
147,BLANCO,527146,1,9306.0
148,BLANCO,526942,3,10854.0
149,BLANCO,526943,1,10854.0
150,BLANCO,526954,2,2313.0
151,BLANCO,203476,5,2988.0
152,BLANCO,203477,2,4995.0
153,BLANCO,527458,2,2916.0
154,BLANCO,526647,4,19350.0
155,BLANCO,526648,4,22320.0
156,BLANCO,526646,6,12600.0
157,BLANCO,526769,6,567.0
158,BLANCO,526772,2,1377.0
159,Liebherr,7426080,1,359
160,Liebherr,9096214,5,809
161,Liebherr,Tb 1400,10+,13499
162,Liebherr,WKEgb 582,1,94949
163,Liebherr,WKEgw 582,1,98199
164,Liebherr,6125088,1,4139
165,Liebherr,7422828,10+,979
166,Liebherr,9881036,2,789
167,Liebherr,9096414,1,549
168,Liebherr,CNef 5735,1,68999
169,Liebherr,CBNef 5735,1,74999
170,Liebherr,CBNes 5778,1,110999
171,Liebherr,SBSes 8496,3,245799
172,Liebherr,CNPesf 5156,1,119099
173,Liebherr,SRsfe 5220,2,50950
174,Liebherr,SRsde 5220,1,53600
175,Liebherr,SRsdd 5250,1,79800
176,Liebherr,CNgwd 5723,2,49999
177,Liebherr,CNsdd 5753,1,63849
178,Liebherr,CBNd 5723,3,45499
179,Liebherr,CBNsfd 5723,2,51999
180,Liebherr,CBNsdc 5753,1,64599
181,Liebherr,CBNbsd 578i,1,100449
182,Liebherr,CBNstd 578i,1,117199
183,Liebherr,XRFsf 5220,2,101999
184,Liebherr,XRFsf 5225,1,112399
185,Liebherr,XRFsf 5240,1,123599
186,Liebherr,XRFsf 5245,2,133999
187,Liebherr,XRFsd 5220,1,107249
188,Liebherr,XRFsd 5265,1,186299
189,Liebherr,XRCsd 5255,2,212999
190,Liebherr,FNsdd 5257,1,70699
191,Liebherr,SFNsdd 5267,2,90799
192,Liebherr,FNsdd 5297,1,82349
193,Liebherr,SBNsdd 5264,1,133199
194,Liebherr,6125778,1,4939
195,Liebherr,FNc 7277,1,78549
196,Liebherr,XRFsd 5230,1,113499
197,Liebherr,7944976-02,3,1679
198,Liebherr,G 1213,10+,11199
199,Liebherr,T 1414,10+,10799
200,Liebherr,Gbe 1213,2,13699
201,Liebherr,CT 2131,1,14799
202,Liebherr,CT 2531,10+,15949
203,Liebherr,CT 2931,10+,15999
204,Liebherr,CU 3331,10+,18249
205,Liebherr,Re 5220,1,42999
206,Liebherr,CNf 5203,10+,26349
207,Liebherr,CNsff 5203,10+,27999
208,Liebherr,CNf 5703,10+,27999
209,Liebherr,CNsff 5703,10+,30349
210,Liebherr,CNbef 5723,2,42999
211,Liebherr,CNbdd 5733,1,49999
212,Liebherr,FNf 4204,3,23499
213,Liebherr,FNf 4605,10+,26599
214,Liebherr,FNf 5006,6,31499
215,Liebherr,FNe 4625,1,31799
216,Liebherr,FNsfe 5227,1,46999
217,Liebherr,SFNsfe 5247,2,72649
218,Liebherr,WKes 653,3,91549
219,Liebherr,WKes 4552,1,103699
220,Liebherr,WKt 4552,2,101649
221,Liebherr,WKt 6451,1,87899
222,Liebherr,WTes 5872,1,207799
223,Liebherr,WKb 1812,8,55899
224,Liebherr,WKb 1802,1,45749
225,Liebherr,ECBN 5066,2,219549
226,Liebherr,ECBN 6156,1,227599
227,Liebherr,UWTes 1672,3,103699
228,Liebherr,UWKes 1752,10+,87949
229,Liebherr,EWTgb 2383,1,171949
230,Liebherr,EWTgb 3583,4,216449
231,Liebherr,EWTgw 1683,1,146099
232,Liebherr,EWTgw 3583,2,222499
233,Liebherr,UIK 1510,2,38999
234,Liebherr,SUIG 1514,9,39999
235,Liebherr,SUIGN 1554,3,52999
236,Liebherr,UWTgb 1682,3,120249
237,Liebherr,UIK 1514,4,38999
238,Liebherr,SUIB 1550,2,68399
239,Liebherr,EKB 9671,1,547999
240,Liebherr,EWT 9175,1,526749
241,Liebherr,IRSe 4100,1,42749
242,Liebherr,IRe 4100,1,44899
243,Liebherr,IRe 5100,10+,49699
244,Liebherr,IRf 5101,3,50649
245,Liebherr,IRBSe 5120,3,66999
246,Liebherr,IRBSe 5121,3,69999
247,Liebherr,IRBe 5120,4,69999
248,Liebherr,IRBe 5121,2,71999
249,Liebherr,IRBd 5150,9,82999
250,Liebherr,IRBd 5151,1,84999
251,Liebherr,IRBdi 5180,2,118799
252,Liebherr,IRBdi 5171,1,112449
253,Liebherr,IRBPdi 5170,2,129699
254,Liebherr,ICSe 5103,7,34999
255,Liebherr,ICe 5103,10+,37499
256,Liebherr,ICNSf 5103,7,42999
257,Liebherr,ICNf 5103,8,45999
258,Liebherr,ICNd 5123,7,55999
259,Liebherr,ICNe 5133,4,59999
260,Liebherr,ICBNSe 5123,4,62999
261,Liebherr,ICBNe 5123,6,67799
262,Liebherr,ICBb 5152,1,81849
263,Liebherr,ICBNd 5153,1,86999
264,Liebherr,ICBNd 5163,2,99999
265,Liebherr,ICNdi 5173,1,95949
266,Liebherr,ICBNdi 5183,1,129799
267,Liebherr,IXCC 5155,3,164299
268,Liebherr,IXCC 5165,8,176899
269,Liebherr,IRBd 4550,1,81099
270,Liebherr,IRDe 5121,1,62399
271,Liebherr,ICd 5123,4,44999
272,Liebherr,ECBN 9673,1,619899
273,Liebherr,EWT 9175 617,1,526749
274,Liebherr,IRBdi 5150,2,85999
275,Liebherr,ICNdi 5153,3,75649
276,Liebherr,ICBNd 5173,1,109899
277,Liebherr,IXRF 5155,1,161649
278,Liebherr,IXRF 5185,2,215699
279,Liebherr,IXRFA 5175,1,253649
280,Liebherr,IXRFS 5125,2,119999
281,Liebherr,IFNe 3503,2,47549
282,Liebherr,IFNe 3553,2,49999
283,Liebherr,IFSe 3904,1,40449
284,Liebherr,IFe 3904,1,40499
285,Liebherr,IFNe 3924,3,49449
286,Liebherr,IFNd 3954,4,53449
287,Liebherr,SIFNf 5108,3,59349
288,Liebherr,SIFNSf 5128,2,66649
289,Liebherr,SIFNf 5128,1,67899
290,Liebherr,SIFNe 5178,5,79999
291,Liebherr,SIFNe 5188,1,109999
292,Liebherr,7900883,5,3199
293,Liebherr,7944976,1,1679
294,Falmec,CLUT90.00#IF,5,4935
295,Falmec,CEUT90.E10#X4F,1,18400
296,Falmec,103050102,5,605.68
297,Falmec,103050091,6,605.68
298,Falmec,103050107,1,363.05
299,Falmec,101079900 (235X245),3,395
300,Falmec,KACL.558#X,1,10780.96
301,Falmec,KCLXN.00#X,1,5610
302,Falmec,KACL.202,1,10400
303,Falmec,KACL.204,2,9240
304,Falmec,CJSN67.E0P2#ZZZI491F,1,16235
305,Falmec,PROLUNGA RUSTICA,1,1385
306,Falmec,KACL.065,1,4400
307,Falmec,KACL.805#N,1,7460
308,Falmec,KCADN90.00#I,1,4316.54
309,Falmec,101080134,3,363.05
310,Falmec,101079900,4,394.05
311,Falmec,101080130,1,605.68
312,Falmec,KACL.786#41F,3,19900
313,Falmec,CNUI40.03P2#ZZZI400N,1,43600
314,Falmec,CPON90.E2P1#ZZZI491F,1,39000
315,Falmec,CJSI67.E50P2#ZZZI491F,1,21515
316,Falmec,CLDN60.E1P2#ZZZI491F,1,20700
317,Falmec,CLDN90.E1P2#ZZZI491F,1,23200
318,Falmec,Vetro Laguna Is. 90 Nero,1,10525
319,Falmec,CPCN90.E0P2#ZZZB491F,2,26000
320,Falmec,CPCI90.E0P2#ZZZB491F,1,37000
321,Falmec,CPWN90.E0P2#ZZZB491F,1,29900
322,Falmec,KACL.572#I,1,12659.11
323,Falmec,CGIW50.E9P2#ZZZI490F,10+,34990
324,Falmec,CGIW70.E9P2#ZZZI490F,4,36990
325,Falmec,KACL.575#I,2,4209.67
326,Falmec,KACL.784#46F,1,14000
327,Falmec,CGIW50.E10P6#ZZZF491F,10+,23599
328,Falmec,KACL.930,1,12173.85
329,Falmec,KACL.260,1,16500
330,Falmec,KACL.352,4,1362.78
331,Falmec,CEMN66.E0P6#ZZZX441F,1,82000
332,Falmec,101078811,3,2937.2
333,Falmec,KACL.824#N,1,11000
334,Falmec,KACL.825#N,1,11800
335,Falmec,CGIW50.E11P2#ZZZI491F,10+,15990
336,Falmec,CGIW70.E11P2#ZZZI491F,5,16990
337,Falmec,CMWI40.E0P2#ZZZB491F,2,34900
338,Falmec,CPZW.00P6#ZZZI400F,1,33687.5
339,Falmec,KACL.701#41F,1,15838.94
340,Falmec,CLDN6087.E0P2#ZZZI491F,3,24200
341,Falmec,CPLI90.E18P2#ZZZI490F,1,48900
342,Falmec,CLMI90.00P2#NEUI490F,2,57900
343,Falmec,CMKN90.E0P2#ZZZF490F,1,27990
344,Falmec,KACL.929,3,13325
345,Falmec,CMKN20.E0P2#ZZZN490F,1,29990
346,Falmec,CMKN60.E0P2#ZZZN490F,2,26990
347,Falmec,CFPN85.E2P2#ZZZQ490F,1,40400
348,Falmec,CLMI90.00P2#NROI490F,2,59900
349,Falmec,CZEI00.E0P2#ZZZI490F,2,38900
350,Falmec,CELN67.E0P6#ZZZF441F,1,56500
351,Falmec,101078898,1,1938.36
352,Falmec,101078900,4,2482.94
353,Falmec,101079910,1,484.37
354,Falmec,101079951,4,787.21
355,Falmec,101080240,7,696.89
356,Falmec,101080245,7,696.89
357,Falmec,KACL.106,1,3058.52
358,Falmec,KACL.107,1,3301.14
359,Falmec,KACL.108,1,3725.3
360,Falmec,KACL.127,2,47000
361,Falmec,KACL.128,2,52000
362,Falmec,KACL.129,1,74000
363,Falmec,KACL.274,1,11600
364,Falmec,KACL.343,1,938.63
365,Falmec,KACL.796#4AF,2,22500
366,Falmec,KACL.840#I,1,2221.34
367,Falmec,KACL.938,1,23833.23
368,Falmec,KCHZN.00#I,1,6359.66
369,Falmec,KCVJN.00#3,2,1090.05
370,Falmec,CGPW80.E0P2#ZZZI410F,5,24990
371,Falmec,CZUN90.E0P2#ZZZI410F,1,41000
372,Falmec,CVXN55.E0P2#ZZZF491F,1,22900
373,Falmec,CVXN55.E0P2#ZZZN491F,1,22900
374,Falmec,CGRW70.E1P2#ZZZI491F,2,20990
375,Falmec,CQPN90.E1P2#ZZZF491F,1,36800
376,Falmec,CMKN90.E4P2#ZZZN490F,1,29900
377,Falmec,CGXW50.E0P6#ZZZI441F,1,59990
378,Falmec,KACL.746#HF,1,1968.47
379,Falmec,KACL.744#IF,1,4905.67
380,Falmec,KACL.745#IF,1,6329.55
381,Falmec,KACL.748#HF,1,4905.67
382,Falmec,KACL.748#IF,1,6995.45
383,Falmec,CUZQ90.00P8#ZZZN460F,1,86625
384,Falmec,CBIN70.E4#ZZZ3460F,1,7599
385,Falmec,101080087,8,1500
386,Falmec,101080088,10+,850
387,Falmec,CPCI90.E2P2#ZZZN491F,2,36000
388,Falmec,CPWN90.E4P2#ZZZA491F,2,29900
389,Falmec,CPWI90.E4P2#ZZZA491F,2,34500
390,Falmec,CPWN90.E4P2#ZZZC491F,1,29500
391,Falmec,KACL.143,1,1423
392,Falmec,500016413#I,2,1900
393,Falmec,500016412#I,2,1900
394,Falmec,CVXN85.E1P2#ZZZF490F,1,39900
395,Falmec,CBIN50.E9P2#ZZZN460F,4,13990
396,Falmec,CBIN50.E10#ZZZ3460F,6,11000
397,Falmec,CGPW90.E2P2#ZZZI491F,4,20990
398,Falmec,KCPLN.000#B,1,3500
399,Falmec,CBIN70.E10#ZZZN460F,5,11500
400,Falmec,CBIN50.E10#ZZZN460F,5,11000
401,Falmec,CSKI20.E0P2#ZZZI400F,1,42800
402,Falmec,KACL.951,1,15536.1
403,Falmec,P02F3852.00#ZZZN4EUF,2,31500
404,Falmec,CVJN60.E17P2#ZZZN460F,1,14990
405,Falmec,CVJN90.E17P2#ZZZ3460F,1,15500
406,Falmec,CVJN90.E17P2#ZZZN460F,1,15500
407,Falmec,CLTI80.E0P2#NRSN451F,1,78000
408,Falmec,CLUI75.E0P2#NEUI490F,1,57000
409,Falmec,CEUI90.E10P2#ZZZI491F,2,40900
410,Falmec,CEUT90.E10#I4F,2,21000
411,Falmec,CGIW50.E10P6#ZZZN491F,4,23599
412,Falmec,CLUI75.E1P2#NEUI490F,1,57000
413,Falmec,CLUI75.E4P2#NEUI490F,2,69000
414,Falmec,CLUI75.E5P2#NEUI490F,2,69000
415,Falmec,CVJN20.E16P2#ZZZ3490F,2,30900
416,Falmec,CVJN60.E16P2#ZZZ3490F,1,28990
417,Falmec,CVJN90.E16P2#ZZZ3490F,1,31000
418,Falmec,CBIN50.E10#ZZZB460F,5,11000
419,Falmec,CBIN70.E10#ZZZ3460F,5,11000
420,Falmec,KACL.961,1,2500
421,Falmec,CBIN70.E10#ZZZB460F,3,11500
422,Falmec,CCFN85.E0P2#ZZZ9460F,1,33200
423,Falmec,CPLN90.E21P2#ZZZI490F,1,36900
424,Falmec,CBIN70.E9P2#ZZZN460F,8,14990
425,Falmec,CBRW90.00P8#ZZZN490F,1,115000
426,Falmec,CUZQ90.06P8#ZZZN461F,1,92000
427,Falmec,CUZQ90.05P8#ZZZN460F,2,89000
428,Falmec,P01F5851.00#ZZZN400F,1,33000
429,Falmec,P01F7851.00#ZZZN400F,1,37000
430,Falmec,P01F8840.00#ZZZN400F,1,45000
431,Falmec,P01F9051.00#ZZZN400F,1,50000
432,Vestel,W6S10T2,10+,12999
433,Vestel,W6S10T2T,10+,13499
434,Vestel,W6S10T2TDS,10+,12899
435,Vestel,W8B12T2TDS,10+,16699
436,Vestel,WD814T2,10+,23999
437,Vestel,AOX-6024C,10+,7199
438,Vestel,AOX-6024,10+,5699
439,Vestel,AOB-6024,10+,4999
440,Vestel,AOB-6024C,10+,6399
441,Vestel,AOB-6124,2,7499
442,Vestel,AFX-6684,10+,8999
443,Vestel,AFB-6684,1,9699
444,Vestel,AFB-5642,10+,7999
445,Vestel,AFX-5642,10+,7799
446,Vestel,AFB-8786,10+,13799
447,Vestel,AFX-8786,10+,13299
448,Vestel,DF5612,10+,11999
449,Vestel,DF5613,10+,12999
450,Vestel,DF5632,10+,12499
451,Vestel,DF5633,10+,13499
452,Vestel,BH-3330B,10+,5499
453,Vestel,TE50A20,10+,5399
454,Vestel,TE80A20,10+,5999
455,Vestel,TE50D20,10+,5799
456,Vestel,TE80D20,10+,6399
457,Vestel,TE100D20,10+,6999
458,Vestel,TR50D20,10+,6999
459,Vestel,TR80D20,10+,7499
460,Vestel,TR100D20,10+,8399
461,Vestel,W4S10T1,6,11299
462,Vestel,W5S10T1,1,11599
463,Vestel,WBI812T2,10+,17999
464,Vestel,RF390BI3M-W,10+,17999
465,Vestel,RF380BI3EI-W,10+,21699
466,Nivona,NICR 970,2,57999
467,Nivona,NICR 960,2,55999
468,Nivona,NICR 825,1,41999
469,Nivona,NICR 820,10+,37999
470,Nivona,NICR 930,10+,46999
471,Nivona,NICR 790,10+,30999
472,Nivona,NICR 796,4,33999
473,Nivona,NICR 799,4,36999
474,Nivona,NIML 220,9,899
475,Nivona,NICR 550,10+,22999
476,Nivona,NICR 560,3,22999
477,Nivona,NICR 690,1,25999
478,Nivona,NIRK 703,10+,439
479,Nivona,NIRT 701,10+,439
480,Siemens,BE732L1B1,0,38599
481,Siemens,BE732R1B1,2,38599
482,Bosch,BEL623MD3,2,14179
483,Bosch,BEL653MS3,0,13139
484,Siemens,BF722L1W1,0,35599
485,Bosch,BFL623MC3,2,12699
486,Bosch,BFL623MW3,2,12699
487,Bosch,BFL7221B1,0,35599
488,Bosch,BFL7221W1,0,35599
489,Bosch,BFR7221B1,0,35599
490,Siemens,BI710C1B1,2,36399
491,Siemens,BI710C1W1,2,37999
492,Siemens,BI710E1B1,0,22399
493,Bosch,BIC630NS1,0,22789
494,Bosch,BIC7101B1,0,36399
495,Siemens,CD634GAS0,2,55569
496,Siemens,CD714GXB1,2,62999
497,Siemens,CM724G1B1,2,92999
498,Siemens,CM724G1W1,2,92999
499,Bosch,CMG636BS1,0,63979
500,Bosch,CMG7241B1,2,60899
501,Bosch,CMG7241W1,2,60899
502,Siemens,CS736G1B1,2,82999
503,Bosch,CSG7364B1,2,92999
504,Siemens,CT718L1B0,0,107669
505,Siemens,CT718L1W0,2,107669
506,Bosch,CTL7181B0,0,110889
507,Bosch,CTL7181W0,2,110889
508,Bosch,DFM064W54,0,13649
509,Bosch,DHL555BL,0,12709
510,Bosch,DHZ7305,0,2309
511,Bosch,DIB97IM50,2,33299
512,Bosch,DWB66DM50,0,16059
513,Bosch,DWB96DM50,0,16799
514,Bosch,DWF65AJ20T,0,13999
515,Bosch,DWF65AJ60T,0,13999
516,Bosch,DWK065G20R,0,12299
517,Bosch,DWK065G60R,2,12299
518,Bosch,DWK65AD30R,2,17189
519,Bosch,DWK66AJ60T,2,13999
520,Siemens,EE631BPB1E,2,25099
521,Siemens,EG6B5HO92R,2,13379
522,Siemens,EH651FFC1E,2,35629
523,Siemens,EN6B6PO92R,2,14499
524,Siemens,EP6A2PB20R,2,18019
525,Siemens,ER3A6BB70,0,25729
526,Siemens,ET475FYB1E,0,48849
527,Siemens,EU631FEB1E,0,24839
528,Siemens,EX375FXB1E,2,34289
529,Siemens,EX652FEC1E,0,42739
530,Siemens,EX675LEC1E,2,58389
531,Siemens,EX675LXC1E,0,65599
532,Siemens,EX975LVC1E,0,76929
533,Bosch,GSN36VL30U,0,44639
534,Siemens,HB272ABB0,0,29299
535,Siemens,HB272ABS0S,0,29999
536,Siemens,HB537A2S00,2,25699
537,Siemens,HB634GBW1,2,41189
538,Siemens,HB636GBS1,2,56949
539,Siemens,HB656GHS1,2,50499
540,Siemens,HB772G2W1S,2,49999
541,Siemens,HB774G1B1,0,66799
542,Bosch,HBA172BS0,0,29999
543,Bosch,HBA272BB0,0,29999
544,Bosch,HBF534EB0Q,2,16199
545,Bosch,HBF534EW0Q,0,16699
546,Bosch,HBG6730S1,0,55999
547,Bosch,HBG7341B1,0,49999
548,Bosch,HBG7341W1,2,49999
549,Bosch,HBG7361B1,0,65999
550,Bosch,HBG7741W1,2,66799
551,Bosch,HBG7764B1,2,92999
552,Bosch,HBJ517SG0R,0,19959
553,Bosch,HBJ517YB0R,0,19359
554,Bosch,HBJ558YB0Q,2,16999
555,Bosch,HBJ558YS0Q,2,17339
556,Bosch,HBJ558YW0Q,0,19979
557,Bosch,HBJ559YB6R,2,23999
558,Bosch,HBJ559YW6R,2,23999
559,Bosch,HEZ394301,0,6089
560,Bosch,HEZ629070,2,1639
561,Bosch,HEZ638200,2,5669
562,Bosch,HEZ638300,2,7449
563,Bosch,HIJ517YB0,0,22199
564,Bosch,HIJ517YW0,0,22199
565,Siemens,HM676G0S1,2,74699
566,Siemens,HM736G1B1,2,89999
567,Siemens,HM778GMB1,2,95999
568,Bosch,HMG6764B1,2,85379
569,Bosch,HMG776NB1,0,95999
570,Siemens,HN678G4S1,0,118029
571,Bosch,HNG6764S6,2,105699
572,Siemens,HR538ABS1,2,48399
573,Bosch,HRG5180S0,2,49849
574,Siemens,HS636GDS2,2,83939
575,Siemens,HS658GXS1,2,102429
576,Siemens,HS736G3B1,2,99999
577,Bosch,HSG656RS1,2,95369
578,Bosch,HSG7361B1,2,99999
579,Bosch,HXS59AI50Q,0,31299
580,Siemens,HZ390011,0,8499
581,Siemens,HZ390210,0,4299
582,Siemens,HZ390230,0,5669
583,Siemens,HZ390512,0,14279
584,Siemens,HZ390522,0,7559
585,Siemens,HZ394301,0,5979
586,Siemens,HZ398300,0,2939
587,Siemens,HZ629070,2,1639
588,Bosch,KAI93VI304,0,77009
589,Siemens,KG39NAI306,0,32359
590,Siemens,KG39NVW316,2,27799
591,Siemens,KG39NXW326,0,28999
592,Siemens,KG39NXX316,0,31509
593,Siemens,KG49NAI31U,0,55149
594,Siemens,KG49NLW30U,2,56439
595,Siemens,KG49NXX306,2,47679
596,Bosch,KGN33NL206,2,21619
597,Bosch,KGN33NW206,2,20999
598,Bosch,KGN36NL306,2,22269
599,Bosch,KGN36NW306,2,21949
600,Bosch,KGN36VL326,2,24599
601,Bosch,KGN39LB316,2,45699
602,Bosch,KGN39UL316,2,26769
603,Bosch,KGN39UW316,0,26259
604,Bosch,KGN39VI306,0,28889
605,Bosch,KGN39VL316,2,27599
606,Bosch,KGN39VW316,2,27729
607,Bosch,KGN39XI326,2,30049
608,Bosch,KGN39XL316,0,29309
609,Bosch,KGN39XW326,2,28889
610,Bosch,KGN49LB30U,0,58699
611,Bosch,KGN49XID0U,0,41079
612,Bosch,KGN49XL306,0,38759
613,Bosch,KGN49XW306,2,38239
614,Bosch,KGN86AI32U,0,64719
615,Bosch,KGV39VL306,0,22059
616,Bosch,KGV39VW316,2,21619
617,Siemens,KI86NAD306,2,57039
618,Siemens,KI86SAF30U,0,49429
619,Siemens,KI87VNS306,2,33929
620,Bosch,KIS87AF30U,0,48009
621,Bosch,KIV87NS306,2,33929
622,Siemens,KS10ZHC00,2,5179
623,Siemens,KS36ZAL00,0,2639
624,Bosch,KSV36VL30U,2,47169
625,Bosch,KSZ36AL00,0,2639
626,Bosch,KSZ36AW00,0,2639
627,Siemens,LB55565,2,16059
628,Siemens,LC66BHM50,0,19959
629,Siemens,LC67KHM60,2,52299
630,Siemens,LC97BHM50,2,21309
631,Bosch,PBH6C5B92R,0,9039
632,Bosch,PCH6A5B90R,0,16699
633,Bosch,PCS7A5M90,2,25019
634,Bosch,PGH6B5O93R,2,11899
635,Bosch,PGP6B2O92R,2,11499
636,Bosch,PGP6B5O93R,2,11499
637,Bosch,PGP6B6O93R,2,11499
638,Bosch,PIB375FB1E,2,17499
639,Bosch,PIE611B15E,2,98229
640,Bosch,PIF612BB1E,0,45619
641,Bosch,PIF651FB1E,2,23599
642,Bosch,PIF651FC1E,2,36599
643,Bosch,PIF651HC1E,0,29999
644,Bosch,PIF672FB1E,2,43299
645,Bosch,PKE611BA2E,2,15029
646,Bosch,PKF651FP4E,2,17299
647,Bosch,PNP6B2O92R,2,13099
648,Bosch,PNP6B6O92R,2,13099
649,Bosch,PPP6A2M90R,2,29409
650,Bosch,PPP6A6M90R,0,29409
651,Bosch,PPQ7A6B20,0,33609
652,Bosch,PRB3A6B70,0,25729
653,Bosch,PRP6A6D70R,2,42219
654,Bosch,PRS9A6B70,0,66939
655,Bosch,PUE611BB5E,2,19499
656,Bosch,PUE612BB1E,0,27799
657,Bosch,PUF612FC5E,2,27799
658,Bosch,PUG61KAA5E,2,16499
659,Bosch,PXX675DV1E,0,61179
660,Bosch,PXX875D67E,2,102429
661,Bosch,PXX975KW1E,2,89599
662,Bosch,SMD6ZDX40K,2,55569
663,Bosch,SMH6ZCX40K,2,48699
664,Bosch,SMS23DW01T,2,16469
665,Bosch,SMS25AI01K,2,17969
666,Bosch,SMS25AW01K,2,17119
667,Bosch,SMS44DI01T,2,17809
668,Bosch,SMS46JW10Q,0,27099
669,Bosch,SMS4HMW65K,2,27099
670,Bosch,SMV24AX00K,2,17709
671,Bosch,SMV2ITX14K,2,17969
672,Bosch,SMV2IVX00K,2,22199
673,Bosch,SMV4HAX40K,2,27729
674,Bosch,SMV4HCX40K,0,34899
675,Bosch,SMV4HMX65K,2,27669
676,Bosch,SMV4HMX66K,2,27669
677,Bosch,SMV4HVX00K,2,27099
678,Bosch,SMV6ECX50K,2,49789
679,Bosch,SMV6EMX51K,2,44999
680,Bosch,SMV8ZCX07E,2,55569
681,Bosch,SMZ5000,2,1359
682,Bosch,SMZ5300,2,1359
683,Siemens,SN63HX65MK,2,26979
684,Siemens,SN65EX56CE,2,47299
685,Siemens,SN65ZX49CE,2,51399
686,Siemens,SN85ZX48CK,0,52999
687,Bosch,SPS2IKI02K,2,18489
688,Bosch,SPS2IKW04K,0,16779
689,Bosch,SPV2IKX10K,2,19559
690,Bosch,SPV2XMX01K,2,22339
691,Bosch,SPV4EMX65K,2,27799
692,Bosch,SPV4HMX65K,2,26769
693,Bosch,SPV6ZMX65K,2,45309
694,Siemens,SR63HX66MK,0,22339
695,Siemens,SR65ZX10MK,2,46999
696,Siemens,SR65ZX65MK,0,48399
697,Siemens,SR75EX65MK,2,48899
698,Siemens,SX75ZX48CE,2,52519
699,Bosch,WAN24000UA,2,21619
700,Bosch,WAN28263UA,2,22059
701,Bosch,WAV28K90ME,2,47169
702,Bosch,WAV28M80UA,2,40159
703,Bosch,WDS28460UA,0,36759
704,Bosch,WDU28590OE,2,62199
705,Siemens,WG44A2A0UA,0,31199
706,Siemens,WG54G2FRUA,0,41999
707,Siemens,WG56B2A0UA,0,47999
708,Bosch,WGA14400UA,0,24709
709,Bosch,WGA25400UA,2,35709
710,Bosch,WGB24400UA,0,47169
711,Bosch,WGG254FRUA,0,39999
712,Siemens,WM14N2L4UA,2,20169
713,Siemens,WM16XDH1UA,2,56949
714,Bosch,WMZ20600,2,2519
715,Bosch,WNA14400ME,2,38029
716,Bosch,WNC254A0ME,0,0
717,Siemens,WQ41G200UA,0,33929
718,Siemens,WQ45B290UA,0,44199
719,Bosch,WQB245B0UA,0,42999
720,Bosch,WQG14200UA,0,33979
721,Siemens,WT45H000UA,0,27829
722,Siemens,WT45H001UA,0,27829
723,Bosch,WTH83002UA,0,24159
724,Bosch,WTH85205UA,0,27829
725,Bosch,WTX87M90UA,2,40159
726,Bosch,WTZ11400,0,2619
727,Bosch,WTZ20410,2,829
728,Bosch,WTZ27400,0,2619
729,Bosch,WTZ27410,0,829
730,Siemens,WZ11410,2,829
731,Siemens,WZ20400,0,2619
732,Siemens,WZ27400,2,2939
733,Siemens,WZ27410,2,939
734,Bosch,BBS611LAG,2,8999
735,Bosch,BBZ152EF,2,599
736,Bosch,BHZUC18N,0,2199
737,Bosch,BHZUHF,2,2749
738,Bosch,BHZUKYD,2,819
739,Bosch,BBZ154HF,0,799
740,Bosch,BBZ156HF,2,599
741,Bosch,BBZ16GALL,2,1889
742,Bosch,BBZ41FGALL,2,589
743,Bosch,BBZWD4BAG,2,469
744,Bosch,BBZWDSET,2,449
745,Bosch,BCH86SIL1,2,8999
746,Bosch,BCHF2MX20,2,5999
747,Bosch,BCH3K2851,0,6499
748,Bosch,BCS8214ANM,2,17999
749,Bosch,BSS8224,2,18999
750,Bosch,BSS71125AH,2,9999
751,Bosch,BBS711W,2,11999
752,Bosch,BBS711ANM,2,13799
753,Bosch,BCS712XXL,2,14999
754,Bosch,BGBS2LB1,2,3399
755,Bosch,BGBS2BA1P,2,3999
756,Bosch,BGBS2BU1T,2,4499
757,Bosch,BGC05AAA2,2,3699
758,Bosch,BGLS4X201,2,5599
759,Bosch,BGLS4POW2,2,6999
760,Bosch,BGL6PET1,2,12599
761,Bosch,BGS05A220,2,3399
762,Bosch,BGS05A225,2,3399
763,Bosch,BGS05X240,2,3999
764,Bosch,BGS41PET1,2,14899
765,Bosch,BGS7POW1,2,18899
766,Bosch,BGS21X320,2,4399
767,Bosch,BGC21X350,2,5699
768,Bosch,BGS21POW2,2,6999
769,Bosch,BGS41POW2,2,9999
770,Bosch,BWD41700,2,8299
771,Bosch,BWD41740,2,8999
772,Bosch,BWD421PET,2,13599
773,Bosch,BWD421POW,2,11999
774,Bosch,FFL020MW0,2,3499
775,Bosch,FFL023MW0,2,4399
776,Bosch,FFL020MS1,0,3899
777,Bosch,FEL023MS1,2,5699
778,Bosch,FEL053MS2,0,7699
779,Bosch,MCP3000N,0,1679
780,Bosch,MES25G0,0,6049
781,Bosch,MES3500,2,7399
782,Bosch,MESM731M,2,12199
783,Bosch,MFQ2600W,2,2099
784,Bosch,MFQ3010,2,999
785,Bosch,MFQ36490,2,3499
786,Bosch,MFQ36400,2,1499
787,Bosch,MFQ4020,2,2099
788,Bosch,MFQ40303,2,2199
789,Bosch,MFW2500W,2,3099
790,Bosch,MFW2514W,0,3599
791,Bosch,MFW2515W,2,3699
792,Bosch,MFW2517W,2,3999
793,Bosch,MFW3520W,2,3699
794,Bosch,MFW3640A,2,4699
795,Bosch,MFW3X10W,2,4499
796,Bosch,MFW3X15W,2,5399
797,Bosch,MFW3X17B,2,6799
798,Bosch,MFW3X18W,2,7799
799,Bosch,MMB6141B,0,3399
800,Bosch,MMB6172S,2,4399
801,Bosch,MMB6384M,2,5999
802,Bosch,MMR08A1,0,1799
803,Bosch,MMR08R2,2,1799
804,Bosch,MSM66150RU,0,1999
805,Bosch,MS61B6150,0,2999
806,Bosch,MS62B6190,0,3699
807,Bosch,MSM4B670,2,3699
808,Bosch,MS6CA4150,2,2299
809,Bosch,MSM4B621,2,2599
810,Bosch,MSM4B623,2,2999
811,Bosch,MSM6M622,0,3499
812,Bosch,MSM6M821,2,3999
813,Bosch,MSM6M871,0,5499
814,Bosch,MSM6M8X1,2,8999
815,Bosch,MSM14200,2,1099
816,Bosch,MSM14500,2,1439
817,Bosch,MSM2620B,0,1599
818,Bosch,MSM26500,0,1899
819,Bosch,MUMS2AW00,2,4999
820,Bosch,MUMS2EW30,2,7999
821,Bosch,MUM58720,2,11499
822,Bosch,MUM58231,0,11499
823,Bosch,MUM58M59,2,15999
824,Bosch,MUMS2VM40,2,10999
825,Bosch,MUZ45AG1,2,959
826,Bosch,MUZ45KP1,2,709
827,Bosch,MUZ45PS1,2,899
828,Bosch,MUZ45RS1,2,579
829,Bosch,MUZ5CC2,2,4799
830,Bosch,MUZ5FW1,2,2399
831,Bosch,MUZ5MX1,2,1549
832,Bosch,MUZ5VL1,2,2749
833,Bosch,MUZ9CC1,2,2619
834,Bosch,MUZ9FW1,2,6349
835,Bosch,MUZ9TM1,2,4799
836,Bosch,MUZ9VL1,0,3149
837,Bosch,MUZ9VLP1,2,3399
838,Bosch,TAT3P423,2,2399
839,Bosch,TAT4P420,2,2499
840,Bosch,TAT4P424,2,2649
841,Bosch,TAT5P425,2,2849
842,Bosch,TAT8613,0,5859
843,Siemens,TP503R09,2,17499
844,Siemens,TE651319RW,0,21999
845,Siemens,TE653M11RW,2,24999
846,Siemens,TP703R09,2,42999
847,Bosch,TCG4104,2,4599
848,Bosch,TCG4215,0,5999
849,Siemens,TI35A209RW,2,12999
850,Bosch,TSM6A011W,2,1119
851,Bosch,TSM6A013B,2,1119
852,Bosch,TSM6A014R,2,1119
853,Bosch,TWK3P420,2,1599
854,Bosch,TWK3P421,2,2399
855,Bosch,TWK3P423,2,2399
856,Bosch,TWK3P424,0,1999
857,Bosch,TWK4P440,2,2519
858,Bosch,TWK5P475,2,2849
859,Bosch,TWK70B03,2,3999
860,Bosch,TWK7203,2,6849
861,Bosch,TWK7601,2,1199
862,Bosch,TZ70003,2,749
863,Bosch,TZ80001A,2,599
864,Siemens,TZ80002A,2,679
865,Siemens,TZ80004A,2,999
866,,101.0068.368,1,
867,,101.0255.783,9,
868,,101.0255.785,9,
869,,101.0255.788,9,
870,,101.0330.658,0,
871,,101.0381.767,0,
872,,101.0381.770,0,
873,,101.0381.806,8,
874,,101.0381.808,0,
875,,101.0381.809,9,
876,,101.0381.810,0,
877,,101.0381.836,3,
878,,101.0381.837,0,
879,,101.0381.838,4,
880,,101.0381.839,3,
881,,101.0456.705,9,
882,,101.0456.706,5,
883,,101.0598.808,0,
884,,101.0598.809,0,
885,,106.0064.318,1,
886,,106.0183.016,0,
887,,106.0183.104,0,
888,,106.0374.278,0,
889,,106.0374.280,0,
890,,106.0374.283,1,
891,,106.0374.292,0,
892,,106.0496.075,0,
893,,106.0496.076,4,
894,,106.0496.078,2,
895,,106.0525.290,0,
896,,106.0540.668,0,
897,,106.0541.746,0,
898,,106.0541.748,3,
899,,106.0541.752,1,
900,,106.0541.756,1,
901,,106.0554.382,0,
902,,106.0554.389,0,
903,,106.0554.391,2,
904,,106.0554.392,0,
905,,106.0554.394,1,
906,,106.0554.404,0,
907,,106.0554.405,0,
908,,106.0554.411,0,
909,,106.0554.412,0,
910,,106.0670.100,6,
911,,106.0670.111,1,
912,,106.0670.112,0,
913,,106.0670.114,0,
914,,106.0670.334,4,
915,,106.0670.335,0,
916,,108.0377.090,0,
917,,108.0516.320,3,
918,,108.0516.351,0,
919,,108.0606.106,5,
920,,108.0606.107,9,
921,,108.0606.108,9,
922,,108.0606.110,0,
923,,108.0606.111,8,
924,,108.0606.112,6,
925,,108.0613.587,4,
926,,108.0613.588,1,
927,,108.0675.410,3,
928,,110.0200.714,0,
929,,110.0200.734,9,
930,,110.0275.345,0,
931,,110.0275.346,4,
932,,110.0361.046,0,
933,,110.0365.588,0,
934,,110.0377.355,0,
935,,110.0392.878,0,
936,,110.0456.723,1,
937,,110.0456.724,1,
938,,110.0473.545,0,
939,,110.0473.546,0,
940,,110.0473.547,2,
941,,112.0006.456,9,
942,,112.0007.715,5,
943,,112.0016.755,0,
944,,112.0016.756,9,
945,,112.0017.900,1,
946,,112.0018.030,2,
947,,112.0018.038,0,
948,,112.0030.882,9,
949,,112.0049.409,9,
950,,112.0052.781,2,
951,,112.0057.214,1,
952,,112.0066.060,9,
953,,112.0067.739,0,
954,,112.0067.942,9,
955,,112.0075.642,2,
956,,112.0174.991,2,
957,,112.0174.992,1,
958,,112.0174.994,0,
959,,112.0174.995,0,
960,,112.0176.753,2,
961,,112.0188.651,3,
962,,112.0193.038,9,
963,,112.0197.447,1,
964,,112.0199.083,1,
965,,112.0199.086,1,
966,,112.0199.087,0,
967,,112.0250.014,1,
968,,112.0253.273,9,
969,,112.0256.867,9,
970,,112.0262.703,1,
971,,112.0277.144,9,
972,,112.0285.288,0,
973,,112.0289.753,0,
974,,112.0301.698,2,
975,,112.0339.360,1,
976,,112.0389.090,9,
977,,112.0394.981,0,
978,,112.0442.942,2,
979,,112.0464.521,2,
980,,112.0464.522,2,
981,,112.0470.620,2,
982,,112.0470.631,1,
983,,112.0470.632,0,
984,,112.0473.656,9,
985,,112.0473.657,2,
986,,112.0480.588,2,
987,,112.0489.809,1,
988,,112.0512.280,7,
989,,112.0512.465,0,
990,,112.0512.466,0,
991,,112.0517.083,0,
992,,112.0520.497,2,
993,,112.0520.938,0,
994,,112.0530.237,5,
995,,112.0530.238,0,
996,,112.0530.239,6,
997,,112.0530.240,0,
998,,112.0530.322,9,
999,,112.0532.169,9,
1000,,112.0538.950,9,
1001,,112.0539.120,0,
1002,,112.0539.134,0,
1003,,112.0539.135,0,
1004,,112.0539.138,0,
1005,,112.0539.568,2,
1006,,112.0539.569,2,
1007,,112.0539.570,1,
1008,,112.0544.161,9,
1009,,112.0545.792,0,
1010,,112.0547.940,0,
1011,,112.0548.292,1,
1012,,112.0548.447,2,
1013,,112.0548.448,3,
1014,,112.0549.122,5,
1015,,112.0564.134,9,
1016,,112.0564.564,9,
1017,,112.0591.081,9,
1018,,112.0591.082,5,
1019,,112.0595.334,9,
1020,,112.0602.288,5,
1021,,112.0611.460,0,
1022,,112.0619.946,2,
1023,,112.0624.354,9,
1024,,112.0624.475,9,
1025,,112.0624.484,9,
1026,,112.0624.895,1,
1027,,112.0625.483,0,
1028,,112.0625.484,9,
1029,,112.0625.485,4,
1030,,112.0625.486,2,
1031,,112.0625.487,0,
1032,,112.0629.887,0,
1033,,112.0629.956,0,
1034,,112.0629.967,0,
1035,,112.0630.186,0,
1036,,112.0630.187,1,
1037,,112.0630.188,0,
1038,,112.0630.204,0,
1039,,112.0630.208,1,
1040,,112.0630.210,1,
1041,,112.0630.933,0,
1042,,112.0630.934,0,
1043,,112.0630.983,0,
1044,,112.0636.803,0,
1045,,112.0639.719,6,
1046,,112.0652.763,9,
1047,,112.0652.898,1,
1048,,112.0652.978,0,
1049,,112.0653.030,1,
1050,,112.0653.035,1,
1051,,112.0653.036,1,
1052,,112.0653.041,0,
1053,,112.0654.748,9,
1054,,112.0655.239,0,
1055,,112.0655.240,1,
1056,,112.0655.341,0,
1057,,112.0655.342,1,
1058,,112.0655.343,2,
1059,,112.0655.344,1,
1060,,112.0655.408,0,
1061,,112.0655.409,0,
1062,,112.0655.410,0,
1063,,112.0655.431,1,
1064,,112.0655.433,1,
1065,,112.0655.468,1,
1066,,112.0655.470,2,
1067,,112.0655.471,2,
1068,,112.0655.472,2,
1069,,112.0655.481,9,
1070,,112.0655.482,9,
1071,,112.0655.483,9,
1072,,112.0655.488,8,
1073,,112.0655.489,9,
1074,,112.0656.939,9,
1075,,112.0657.022,9,
1076,,112.0657.146,9,
1077,,112.0657.273,6,
1078,,112.0657.298,2,
1079,,112.0657.383,9,
1080,,112.0657.421,9,
1081,,112.0657.945,9,
1082,,112.0658.444,9,
1083,,112.0658.446,9,
1084,,112.0658.484,9,
1085,,112.0658.485,9,
1086,,112.0659.398,6,
1087,,112.0664.346,0,
1088,,112.0664.347,0,
1089,,112.0664.348,0,
1090,,112.0664.350,0,
1091,,112.0664.391,0,
1092,,112.0664.394,0,
1093,,112.0668.276,9,
1094,,112.0670.624,0,
1095,,112.0670.893,5,
1096,,112.0674.415,9,
1097,,112.0676.854,0,
1098,,112.0676.895,0,
1099,,112.0679.772,0,
1100,,112.0681.031,0,
1101,,112.0681.200,0,
1102,,112.0683.832,0,
1103,,112.0683.833,0,
1104,,113.0048.569,0,
1105,,114.0251.445,8,
1106,,114.0254.780,8,
1107,,114.0258.031,9,
1108,,114.0258.039,9,
1109,,114.0258.040,9,
1110,,114.0258.042,7,
1111,,114.0272.580,9,
1112,,114.0272.595,9,
1113,,114.0272.596,6,
1114,,114.0272.599,5,
1115,,114.0272.602,9,
1116,,114.0272.603,9,
1117,,114.0272.633,5,
1118,,114.0272.634,8,
1119,,114.0306.793,9,
1120,,114.0306.795,2,
1121,,114.0306.815,9,
1122,,114.0363.932,0,
1123,,114.0363.933,1,
1124,,114.0363.940,9,
1125,,114.0367.737,0,
1126,,114.0374.914,2,
1127,,114.0374.916,3,
1128,,114.0374.920,9,
1129,,114.0374.951,6,
1130,,114.0375.036,1,
1131,,114.0375.041,5,
1132,,114.0375.045,4,
1133,,114.0375.050,9,
1134,,114.0381.002,1,
1135,,114.0381.006,3,
1136,,114.0381.007,2,
1137,,114.0381.015,9,
1138,,114.0381.062,0,
1139,,114.0381.072,5,
1140,,114.0497.988,9,
1141,,114.0498.008,0,
1142,,114.0498.031,9,
1143,,114.0499.223,2,
1144,,114.0502.869,8,
1145,,114.0502.870,8,
1146,,114.0565.087,0,
1147,,114.0565.090,9,
1148,,114.0565.111,9,
1149,,114.0565.115,0,
1150,,114.0565.117,9,
1151,,114.0565.124,6,
1152,,114.0574.934,0,
1153,,114.0574.944,0,
1154,,114.0574.982,0,
1155,,114.0575.041,9,
1156,,114.0575.042,0,
1157,,114.0576.308,6,
1158,,114.0592.098,0,
1159,,114.0630.413,0,
1160,,114.0630.417,0,
1161,,114.0630.425,5,
1162,,114.0630.428,0,
1163,,114.0630.440,0,
1164,,114.0630.446,3,
1165,,114.0630.449,6,
1166,,114.0630.450,0,
1167,,114.0630.451,9,
1168,,114.0630.453,6,
1169,,114.0630.455,9,
1170,,114.0630.457,9,
1171,,114.0630.458,9,
1172,,114.0630.459,5,
1173,,114.0630.461,3,
1174,,114.0630.463,9,
1175,,114.0630.465,7,
1176,,114.0630.466,9,
1177,,114.0630.467,9,
1178,,114.0630.469,9,
1179,,114.0630.471,9,
1180,,114.0630.473,3,
1181,,114.0630.474,9,
1182,,114.0630.475,9,
1183,,114.0630.477,3,
1184,,114.0630.479,8,
1185,,114.0631.437,6,
1186,,114.0631.438,9,
1187,,114.0631.439,1,
1188,,114.0631.461,9,
1189,,114.0631.466,0,
1190,,114.0631.513,0,
1191,,114.0652.619,3,
1192,,114.0652.620,3,
1193,,114.0652.656,0,
1194,,114.0652.657,0,
1195,,114.0661.768,8,
1196,,114.0661.769,2,
1197,,114.0661.770,0,
1198,,114.0661.771,2,
1199,,114.0661.782,9,
1200,,114.0661.783,0,
1201,,114.0661.784,3,
1202,,114.0661.785,3,
1203,,114.0663.897,0,
1204,,114.0667.446,9,
1205,,114.0667.447,9,
1206,,114.0667.448,8,
1207,,114.0667.450,5,
1208,,114.0668.599,4,
1209,,114.0668.817,0,
1210,,114.0668.818,6,
1211,,114.0668.819,9,
1212,,114.0668.820,4,
1213,,114.0668.861,9,
1214,,114.0668.862,0,
1215,,114.0668.863,5,
1216,,114.0668.864,9,
1217,,114.0668.865,0,
1218,,114.0668.866,0,
1219,,114.0668.867,9,
1220,,114.0668.868,0,
1221,,114.0668.901,0,
1222,,114.0668.902,0,
1223,,114.0668.903,0,
1224,,114.0668.904,1,
1225,,114.0668.905,0,
1226,,114.0668.906,9,
1227,,114.0668.907,6,
1228,,114.0675.975,0,
1229,,114.0675.976,1,
1230,,114.0675.977,0,
1231,,114.0675.978,1,
1232,,114.0676.259,1,
1233,,114.0676.260,1,
1234,,114.0676.261,0,
1235,,114.0676.263,1,
1236,,114.0676.264,0,
1237,,114.0676.271,0,
1238,,114.0676.272,0,
1239,,114.0676.273,1,
1240,,114.0676.275,6,
1241,,114.0676.276,0,
1242,,114.0691.534,9,
1243,,114.0699.230,9,
1244,,114.0699.231,9,
1245,,114.0699.232,0,
1246,,114.0699.233,6,
1247,,114.0699.234,9,
1248,,114.0699.235,9,
1249,,114.0699.236,9,
1250,,114.0699.237,8,
1251,,114.0699.238,9,
1252,,114.0699.239,9,
1253,,114.0699.240,0,
1254,,114.0699.242,9,
1255,,114.0701.786,9,
1256,,114.0701.787,9,
1257,,114.0701.788,9,
1258,,114.0701.789,9,
1259,,114.0701.790,8,
1260,,114.0701.791,8,
1261,,114.0701.792,9,
1262,,114.0701.793,1,
1263,,114.0701.794,0,
1264,,114.0701.795,9,
1265,,114.0701.796,0,
1266,,114.0701.797,8,
1267,,114.0701.798,9,
1268,,114.0701.799,9,
1269,,114.0701.800,7,
1270,,114.0701.801,9,
1271,,114.0701.802,9,
1272,,114.0701.803,6,
1273,,114.0701.804,9,
1274,,114.0701.805,9,
1275,,114.0701.806,9,
1276,,114.0701.807,9,
1277,,114.0701.808,8,
1278,,114.0701.809,9,
1279,,114.0701.810,6,
1280,,114.0701.811,0,
1281,,114.0701.812,3,
1282,,114.0701.813,0,
1283,,114.0701.814,3,
1284,,114.0701.815,2,
1285,,114.0701.816,9,
1286,,114.0701.817,3,
1287,,114.0701.818,9,
1288,,114.0701.819,9,
1289,,114.0701.820,9,
1290,,114.0701.821,9,
1291,,114.0701.822,9,
1292,,114.0701.823,9,
1293,,115.0028.205,0,
1294,,115.0029.591,0,
1295,,115.0265.997,0,
1296,,115.0275.366,3,
1297,,115.0347.111,0,
1298,,115.0347.142,0,
1299,,115.0370.689,9,
1300,,115.0370.694,9,
1301,,115.0370.703,9,
1302,,115.0370.708,0,
1303,,115.0373.889,0,
1304,,115.0373.930,2,
1305,,115.0373.945,0,
1306,,115.0393.974,0,
1307,,115.0393.975,2,
1308,,115.0393.976,1,
1309,,115.0470.653,2,
1310,,115.0470.654,9,
1311,,115.0470.655,3,
1312,,115.0470.658,1,
1313,,115.0470.659,2,
1314,,115.0470.661,0,
1315,,115.0470.663,0,
1316,,115.0470.665,0,
1317,,115.0470.666,3,
1318,,115.0470.669,0,
1319,,115.0470.670,0,
1320,,115.0470.675,8,
1321,,115.0472.959,1,
1322,,115.0472.960,0,
1323,,115.0486.978,3,
1324,,115.0486.980,2,
1325,,115.0486.993,0,
1326,,115.0521.435,0,
1327,,115.0521.438,0,
1328,,115.0521.441,0,
1329,,115.0523.286,0,
1330,,115.0524.929,0,
1331,,115.0529.202,4,
1332,,115.0529.207,9,
1333,,115.0534.219,1,
1334,,115.0543.285,0,
1335,,115.0543.294,1,
1336,,115.0545.135,8,
1337,,115.0545.136,9,
1338,,115.0546.115,1,
1339,,115.0547.852,0,
1340,,115.0547.853,0,
1341,,115.0547.854,1,
1342,,115.0547.855,0,
1343,,115.0550.424,6,
1344,,115.0550.427,0,
1345,,115.0550.441,1,
1346,,115.0550.442,0,
1347,,115.0569.290,2,
1348,,115.0569.461,0,
1349,,115.0590.044,1,
1350,,115.0590.045,0,
1351,,115.0590.046,0,
1352,,115.0590.047,0,
1353,,115.0595.083,2,
1354,,115.0595.088,0,
1355,,115.0595.089,0,
1356,,115.0595.091,9,
1357,,115.0595.093,0,
1358,,115.0596.387,2,
1359,,115.0596.388,2,
1360,,115.0596.389,1,
1361,,115.0613.590,9,
1362,,115.0613.671,0,
1363,,115.0621.548,4,
1364,,115.0621.549,0,
1365,,115.0621.591,0,
1366,,115.0621.592,2,
1367,,115.0621.600,1,
1368,,115.0621.612,2,
1369,,115.0621.613,9,
1370,,115.0621.615,0,
1371,,115.0622.942,9,
1372,,115.0622.943,9,
1373,,115.0622.946,9,
1374,,115.0622.947,0,
1375,,115.0622.949,9,
1376,,115.0623.055,0,
1377,,115.0623.057,3,
1378,,115.0623.059,2,
1379,,115.0623.134,0,
1380,,115.0623.136,6,
1381,,115.0623.139,1,
1382,,115.0623.141,0,
1383,,115.0623.147,3,
1384,,115.0625.185,2,
1385,,115.0625.187,0,
1386,,115.0625.188,0,
1387,,115.0625.190,0,
1388,,115.0626.018,9,
1389,,115.0626.019,9,
1390,,115.0626.020,9,
1391,,115.0626.022,0,
1392,,115.0626.024,0,
1393,,115.0626.025,0,
1394,,115.0626.026,5,
1395,,115.0626.028,1,
1396,,115.0626.051,9,
1397,,115.0626.053,9,
1398,,115.0626.055,9,
1399,,115.0626.057,9,
1400,,115.0626.081,9,
1401,,115.0626.082,9,
1402,,115.0626.083,9,
1403,,115.0626.084,9,
1404,,115.0626.085,9,
1405,,115.0626.087,9,
1406,,115.0626.088,9,
1407,,115.0627.523,9,
1408,,115.0628.204,2,
1409,,115.0628.207,1,
1410,,115.0628.208,0,
1411,,115.0628.209,0,
1412,,115.0628.210,3,
1413,,115.0628.251,2,
1414,,115.0628.252,1,
1415,,115.0628.253,3,
1416,,115.0628.254,1,
1417,,115.0628.256,0,
1418,,115.0653.298,8,
1419,,115.0653.299,0,
1420,,115.0653.371,6,
1421,,115.0653.372,0,
1422,,115.0653.373,6,
1423,,115.0653.374,0,
1424,,115.0653.377,0,
1425,,115.0653.378,2,
1426,,115.0653.379,3,
1427,,115.0653.380,0,
1428,,115.0653.382,0,
1429,,115.0653.383,0,
1430,,115.0653.384,0,
1431,,115.0653.385,0,
1432,,115.0653.388,2,
1433,,115.0653.389,1,
1434,,115.0653.395,0,
1435,,115.0653.396,2,
1436,,115.0653.398,0,
1437,,115.0653.399,3,
1438,,115.0653.401,4,
1439,,115.0653.404,8,
1440,,115.0653.405,1,
1441,,115.0653.504,4,
1442,,115.0653.505,7,
1443,,115.0668.279,9,
1444,,115.0668.280,9,
1445,,115.0668.381,9,
1446,,115.0668.382,3,
1447,,115.0668.383,9,
1448,,115.0669.768,0,
1449,,115.0669.769,9,
1450,,115.0681.241,1,
1451,,115.0681.242,0,
1452,,115.0681.243,0,
1453,,115.0681.244,3,
1454,,115.0693.230,9,
1455,,115.0693.393,9,
1456,,116.0373.686,0,
1457,,116.0374.296,0,
1458,,116.0525.341,0,
1459,,116.0540.670,0,
1460,,116.0577.011,0,
1461,,116.0605.987,0,
1462,,116.0605.988,1,
1463,,116.0605.990,5,
1464,,116.0606.047,0,
1465,,116.0606.091,6,
1466,,116.0606.093,0,
1467,,116.0606.096,8,
1468,,116.0606.097,2,
1469,,116.0606.098,7,
1470,,116.0606.100,2,
1471,,116.0606.101,2,
1472,,116.0606.102,0,
1473,,116.0609.447,9,
1474,,116.0613.706,0,
1475,,116.0613.707,3,
1476,,116.0613.708,0,
1477,,116.0613.709,0,
1478,,117.0611.672,7,
1479,,117.0611.673,9,
1480,,117.0611.674,8,
1481,,117.0611.675,8,
1482,,117.0616.305,9,
1483,,118.0606.721,2,
1484,,118.0606.722,6,
1485,,118.0606.723,5,
1486,,118.0627.481,5,
1487,,118.0627.482,6,
1488,,118.0629.526,7,
1489,,118.0656.683,1,
1490,,118.0656.684,6,
1491,,119.0176.059,1,
1492,,119.0547.902,0,
1493,,119.0547.905,3,
1494,,119.0547.906,9,
1495,,119.0547.911,2,
1496,,119.0578.743,9,
1497,,119.0578.744,9,
1498,,119.0578.745,0,
1499,,119.0578.746,9,
1500,,119.0578.747,9,
1501,,119.0578.748,9,
1502,,119.0578.750,7,
1503,,119.0578.771,9,
1504,,119.0584.065,9,
1505,,120.0179.978,9,
1506,,120.0179.979,9,
1507,,121.0176.518,1,
1508,,121.0307.563,0,
1509,,121.0494.150,3,
1510,,121.0494.182,3,
1511,,121.0494.192,4,
1512,,121.0494.193,6,
1513,,121.0557.763,4,
1514,,121.0557.764,2,
1515,,122.0021.439,0,
1516,,122.0021.440,9,
1517,,122.0021.444,3,
1518,,122.0021.446,0,
1519,,122.0021.447,0,
1520,,122.0021.448,2,
1521,,122.0021.451,0,
1522,,122.0039.092,6,
1523,,122.0060.328,0,
1524,,122.0204.647,0,
1525,,122.0204.649,9,
1526,,122.0579.553,0,
1527,,122.0598.646,9,
1528,,122.0598.741,9,
1529,,122.0600.933,9,
1530,,122.0600.935,6,
1531,,122.0600.945,5,
1532,,122.0703.300,9,
1533,,124.0335.702,0,
1534,,124.0335.706,1,
1535,,124.0335.851,0,
1536,,124.0335.862,1,
1537,,124.0335.865,1,
1538,,124.0335.866,1,
1539,,124.0380.242,1,
1540,,124.0380.246,0,
1541,,124.0380.250,0,
1542,,124.0381.390,2,
1543,,124.0381.401,0,
1544,,124.0381.404,1,
1545,,124.0381.407,2,
1546,,125.0395.602,0,
1547,,125.0395.608,9,
1548,,125.0395.610,4,
1549,,125.0517.041,6,
1550,,125.0517.044,9,
1551,,125.0517.045,6,
1552,,125.0517.046,9,
1553,,125.0517.059,4,
1554,,125.0517.092,9,
1555,,125.0517.093,6,
1556,,125.0517.098,3,
1557,,125.0517.109,7,
1558,,125.0517.122,9,
1559,,125.0517.123,4,
1560,,125.0517.124,4,
1561,,125.0575.040,0,
1562,,125.0576.307,9,
1563,,125.0576.309,9,
1564,,125.0631.518,9,
1565,,125.0631.519,9,
1566,,125.0631.520,9,
1567,,125.0676.974,5,
1568,,125.0676.975,0,
1569,,125.0676.976,2,
1570,,125.0676.977,0,
1571,,125.0687.260,0,
1572,,125.0687.261,9,
1573,,125.0687.262,0,
1574,,125.0699.225,9,
1575,,125.0699.228,9,
1576,,125.0699.229,8,
1577,,125.0701.772,0,
1578,,125.0701.773,5,
1579,,125.0701.774,9,
1580,,125.0701.775,8,
1581,,125.0701.776,9,
1582,,125.0701.777,9,
1583,,125.0701.778,0,
1584,,125.0701.779,9,
1585,,125.0701.780,9,
1586,,125.0701.781,9,
1587,,125.0701.782,9,
1588,,125.0701.783,9,
1589,,125.0701.784,8,
1590,,125.0701.785,9,
1591,,125.0705.575,9,
1592,,125.0705.576,9,
1593,,126.0335.712,1,
1594,,126.0335.883,0,
1595,,126.0380.347,0,
1596,,126.0380.350,0,
1597,,127.0306.327,0,
1598,,127.0306.411,0,
1599,,127.0369.056,0,
1600,,127.0369.215,0,
1601,,127.0369.250,3,
1602,,127.0369.282,9,
1603,,127.0369.284,7,
1604,,127.0369.295,1,
1605,,127.0369.916,0,
1606,,127.0370.188,0,
1607,,127.0371.513,9,
1608,,127.0437.882,0,
1609,,127.0437.912,0,
1610,,127.0437.913,0,
1611,,127.0538.259,6,
1612,,127.0538.260,0,
1613,,127.0579.559,4,
1614,,127.0579.849,1,
1615,,127.0598.745,9,
1616,,127.0598.747,9,
1617,,127.0598.748,9,
1618,,127.0598.750,9,
1619,,127.0603.515,9,
1620,,127.0603.516,7,
1621,,127.0603.517,2,
1622,,127.0650.362,0,
1623,,127.0650.363,0,
1624,,127.0650.364,0,
1625,,127.0662.540,0,
1626,,127.0662.642,0,
1627,,127.0662.643,0,
1628,,127.0662.644,0,
1629,,127.0662.648,0,
1630,,127.0662.649,0,
1631,,127.0676.885,0,
1632,,127.0703.298,9,
1633,,127.0703.299,0,
1634,,131.0391.304,9,
1635,,131.0574.627,7,
1636,,131.0606.104,2,
1637,,131.0606.105,6,
1638,,131.0611.212,1,
1639,,131.0627.471,9,
1640,,131.0627.473,6,
1641,,131.0632.660,2,
1642,,131.0632.993,9,
1643,,131.0640.710,4,
1644,,131.0669.345,4,
1645,,131.0682.091,6,
1646,,131.0690.488,3,
1647,,131.0691.006,0,
1648,,131.0691.007,0,
1649,,131.0694.161,0,
1650,,131.0694.163,0,
1651,,133.0026.896,6,
1652,,133.0050.083,9,
1653,,133.0054.646,0,
1654,,133.0054.658,1,
1655,,133.0054.664,0,
1656,,133.0301.740,8,
1657,,133.0301.741,3,
1658,,133.0301.743,9,
1659,,133.0301.748,5,
1660,,133.0332.886,1,
1661,,133.0391.835,9,
1662,,133.0459.871,0,
1663,,133.0517.050,3,
1664,,133.0517.086,1,
1665,,133.0533.532,9,
1666,,133.0537.934,9,
1667,,133.0537.940,5,
1668,,133.0540.391,1,
1669,,133.0557.055,0,
1670,,133.0668.814,9,
1671,,134.0535.229,9,
1672,,134.0535.241,9,
1673,,134.0535.242,9,
1674,,134.0607.344,9,
1675,,135.0668.446,0,
1676,,135.0668.456,0,
1677,,135.0668.463,1,
1678,,135.0669.523,0,
1679,,143.0621.190,9,
1680,,143.0621.332,9,
1681,,143.0621.334,9,
1682,,143.0621.335,9,
1683,,143.0621.338,9,
1684,,143.0621.339,0,
1685,,143.0627.288,9,
1686,,143.0627.382,9,
1687,,143.0627.383,9,
1688,,143.0627.387,0,
1689,,143.0632.391,0,
1690,,143.0632.395,0,
1691,,143.0671.742,9,
1692,,143.0671.744,9,
1693,,143.0671.747,9,
1694,,143.0671.748,9,
1695,,143.0671.749,9,
1696,,143.0671.750,9,
1697,,143.0691.510,9,
1698,,143.0691.531,0,
1699,,143.0691.532,9,
1700,,143.0691.533,9,
1701,,144.0649.548,9,
1702,,144.0649.550,0,
1703,,144.0649.561,9,
1704,,144.0649.562,9,
1705,,144.0649.563,3,
1706,,144.0649.564,4,
1707,,144.0649.565,3,
1708,,305.0522.797,3,
1709,,305.0522.798,0,
1710,,305.0522.799,0,
1711,,305.0599.507,9,
1712,,305.0599.508,6,
1713,,305.0599.509,0,
1714,,305.0599.510,0,
1715,,305.0599.532,9,
1716,,305.0599.533,0,
1717,,305.0599.543,0,
1718,,305.0599.544,0,
1719,,305.0657.263,2,
1720,,305.0662.834,4,
1721,,305.0662.835,0,
1722,,305.0662.836,0,
1723,,305.0665.359,0,
1724,,305.0665.361,3,
1725,,305.0665.364,0,
1726,,305.0665.365,0,
1727,,305.0665.366,9,
1728,,305.0665.367,9,
1729,,305.0665.368,9,
1730,,305.0665.369,7,
1731,,305.0680.919,9,
1732,,305.0689.925,9,
1733,,315.0489.957,6,
1734,,315.0489.958,9,
1735,,315.0532.375,9,
1736,,315.0532.377,2,
1737,,315.0547.794,9,
1738,,315.0547.795,8,
1739,,315.0547.796,9,
1740,,315.0547.797,9,
1741,,315.0547.798,9,
1742,,320.0521.537,0,
1743,,320.0521.538,0,
1744,,321.0524.214,0,
1745,,321.0536.200,0,
1746,,325.0518.709,2,
1747,,325.0552.774,1,
1748,,325.0591.034,4,
1749,,325.0591.036,0,
1750,,325.0597.293,0,
1751,,325.0597.294,0,
1752,,325.0653.979,0,
1753,,325.0654.002,0,
1754,,325.0657.511,0,
1755,,325.0657.512,0,
1756,,325.0678.073,0,
1757,,330.0528.020,4,
1758,,330.0528.064,0,
1759,,330.0528.065,6,
1760,,330.0528.067,9,
1761,,330.0542.181,2,
1762,,330.0549.975,0,
1763,,330.0573.294,8,
1764,,330.0573.295,0,
1765,,330.0591.773,4,
1766,,330.0591.778,9,
1767,,330.0593.253,0,
1768,,330.0622.743,0,
1769,,330.0679.324,1,
1770,,330.0682.357,0,
1771,,335.0518.748,0,
1772,,335.0528.005,2,
1773,,335.0528.006,2,
1774,,335.0530.199,0,
1775,,335.0530.200,2,
1776,,335.0530.201,1,
1777,,335.0530.202,0,
1778,,335.0530.203,1,
1779,,335.0588.180,0,
1780,,335.0588.221,3,
1781,,335.0588.222,6,
1782,,335.0590.493,9,
1783,,340.0595.364,7,
1784,,340.0597.249,0,
1785,,340.0678.203,4,
1786,,340.0678.204,3,
1787,,340.0679.889,0,
1788,,345.0529.584,1,
1789,,345.0654.870,3,
1790,,345.0654.932,1,
1791,,345.0654.933,6,
1792,,350.0590.183,1,
1793,,350.0590.184,0,
1794,,350.0663.649,0,
1795,,113290017,2,
1796,,113290018,2,
1797,,113290016,1,
1798,,113290032,1,
1799,,113290034,1,
1800,,61801232,10,
1801,,40218060,2,
1802,,40219061,3,
1803,,112610060,5,
1804,,112570101,1,
1805,,10205279,1,
1806,,R1042300,3,
1807,,40199901,12,
1808,,115890041,12,
1809,,115890012,7,
1810,,40199201,1,
1811,,40199061,12,
1812,,40199046,1,
1813,,40199072,12,
1814,,41560062,2,
1815,,41560076,2,
1816,,111000046,5,
1817,,41531020,4,
1818,,41531024,1,
1819,,111130004,1,
1820,,111130005,1,
1821,,40587612,2,
1822,,111160020,2,
1823,,111160006,3,
1824,,111160011,1,
1825,,111010010,1,
1826,,41560113,2,
1827,,41566050,1,
1828,,41560133,3,
1829,,41560132,1,
1830,,61001104,12,
1831,,239151200,12,
1832,,23938120Q,1,
1833,,23938120I,9,
1834,,116080000,1,
1835,,62997020FW,4,
1836,,62997020FN,4,
1837,,116030024,6,
1838,,116030047,5,
1839,,116030046,12,
1840,,339150200,7,
1841,,33915020N,12,
1842,,116030031,2,
1843,,116030009,1,
1844,,53995120FW,5,
1845,,53995120CN,12,
1846,,5399512,10,
1847,,182000200,12,
1848,,116030067,12,
1849,,116030069,6,
1850,,116030065,12,
1851,,116030063,12,
1852,,116020020,12,
1853,,116020018,12,
1854,,116020016,12,
1855,,116030051,6,
1856,,55995020CN,6,
1857,,41599006,7,
1858,,112550007,2,
1859,,40239025,1,
1860,,40239021,3,
1861,,40199260,2,
1862,,99119833,2,
1863,,115890038,6,
1864,,115890040,1,
1865,,115890039,8,
1866,,40199270,2,
1867,,40199038,12,
1868,,40199037,3,
1869,,40487180,1,
1870,,40487181,3,
1871,,40487182,1,
1872,,40446700,7,
1873,,40446710,12,
1874,,40436812,2,
1875,,40460400,1,
1876,,40460440,2,
1877,,112930039,3,
1878,,112930040,1,
1879,,112930061,2,
1880,,112930062,2,
1881,,40446753,5,
1882,,40474250,12,
1883,,40474251,12,
1884,,40474400,1,
1885,,790066400,1,
1886,,R1318900TB,4,
1887,,40143516,12,
1888,,40143517,12,
1889,,40143582,12,
1890,,40143526,12,
1891,,40143528,12,
1892,,40143572,12,
1893,,115000064,12,
1894,,115000066,12,
1895,,115100022,1,
1896,,10111012,12,
1897,,40143216,12,
1898,,10111020,12,
1899,,10119070,12,
1900,,40109616,5,
1901,,40109615,12,
1902,,40109611,12,
1903,,11119201,7,
1904,,115100021,1,
1905,,115100012,1,
1906,,115000076,4,
1907,,40127303,12,
1908,,40127301,12,
1909,,115030026,2,
1910,,115000061,7,
1911,,115000062,9,
1912,,115000063,1,
1913,,115000014,5,
1914,,115000019,2,
1915,,115230011,2,
1916,,115230005,9,
1917,,40144588,12,
1918,,40144580,12,
1919,,40144585,12,
1920,,115230049,12,
1921,,115230048,12,
1922,,115230053,7,
1923,,115230051,7,
1924,,115230055,2,
1925,,115230054,12,
1926,,40144515,2,
1927,,40144525,12,
1928,,40144526,6,
1929,,40144512,12,
1930,,115230027,10,
1931,,115230028,1,
1932,,115230023,2,
1933,,115330047,8,
1934,,115330048,12,
1935,,115330044,10,
1936,,115330042,1,
1937,,115330045,1,
1938,,115330019,12,
1939,,115330020,12,
1940,,115330016,12,
1941,,115330014,12,
1942,,115330017,12,
1943,,115330033,12,
1944,,115330030,12,
1945,,115330028,7,
1946,,115330034,12,
1947,,115260002,3,
1948,,115260000,12,
1949,,115260007,7,
1950,,115260003,12,
1951,,115260010,3,
1952,,10107045,12,
1953,,10125160,3,
1954,,10125006,4,
1955,,10125005,12,
1956,,40109614,8,
1957,,115110020,12,
1958,,115040011,12,
1959,,40584203,1,
1960,,112060003,9,
1961,,112030004,1,
1962,,112030002,3,
1963,,40584403,2,
1964,,111160004,2,
1965,,40584100,2,
1966,,40586302,1,
1967,,40586300,3,
1968,,112040001,2,
1969,,41599012,10,
1970,,111890005,1,
1971,,111890003,3,
1972,,111890006,2,
1973,,111890004,6,
1974,,111890002,4,
1975,,88801300,12,
1976,,40589920,3,
1977,,111600003,4,
1978,,81220128,12,
1979,,99119848,2,
1980,,115890013,12,
1981,,115890014,6,
1982,,R1043100,12,
1983,,61001195,12,
1984,,112520013,3,
1985,,10210184,1,
1986,,10210182,3,
1987,,112500026,2,
1988,,112500039,1,
1989,,112510025,2,
1990,,40199236,3,
1991,,41599013,4,
